taxon	lfc_(Intercept)	lfc_conditionactive_smoker	lfc_conditionex_smoker	lfc_conditionpassive_smoker	se_(Intercept)	se_conditionactive_smoker	se_conditionex_smoker	se_conditionpassive_smoker	W_(Intercept)	W_conditionactive_smoker	W_conditionex_smoker	W_conditionpassive_smoker	p_(Intercept)	p_conditionactive_smoker	p_conditionex_smoker	p_conditionpassive_smoker	q_(Intercept)	q_conditionactive_smoker	q_conditionex_smoker	q_conditionpassive_smoker	diff_(Intercept)	diff_conditionactive_smoker	diff_conditionex_smoker	diff_conditionpassive_smoker
Oxalobacter formigenes_B	0.0142721893641712	0.133354426048529	-0.0910977999095108	-0.132186159798404	0.0812321482501392	0.170276600009232	0.193371190941717	0.218304838880207	0.175696318164856	0.783163547083389	-0.471103267585335	-0.605511817678671	0.86053252798913	0.433531078168578	0.637566991808458	0.54483897489368	0.997233545206974	0.930036363527287	0.985994236939106	0.993464214136497	FALSE	FALSE	FALSE	FALSE
Parasutterella excrementihominis	0.0239149572428001	-0.360286526297304	0.579714403537172	-0.221771662499045	0.167537332499606	0.351187158867242	0.39881862305164	0.450243052358072	0.142744049257537	-1.02591030793783	1.45357907086026	-0.492559877020986	0.886492326635532	0.304933863421681	0.146063042914954	0.62232360409825	0.997233545206974	0.850634537269381	0.985994236939106	0.993464214136497	FALSE	FALSE	FALSE	FALSE
Mesosutterella multiformis	0.0344151824569608	-0.193405185579712	0.147096766231957	-0.0599829437992343	0.117936330622803	0.247214899871629	0.280744621422571	0.316944365123197	0.291811541661673	-0.782336281834715	0.523952214958197	-0.189253857773804	0.77043072016888	0.434016969646067	0.600311776268651	0.849893857881853	0.997233545206974	0.930036363527287	0.985994236939106	0.993464214136497	FALSE	FALSE	FALSE	FALSE
Sutterella wadsworthensis_A_565807	-0.0668406080705524	0.87301275758502	0.325743964449783	-1.2013436134114	0.221745747719421	0.464817351276971	0.527860462223989	0.595923790901054	-0.301429040953367	1.87818452815204	0.61710241202259	-2.01593497650921	0.763087352001036	0.0603559259609852	0.537167177842643	0.043806775601018	0.997233545206974	0.591952350771201	0.985994236939106	0.993464214136497	FALSE	FALSE	FALSE	FALSE
Sutterella wadsworthensis_A_565869	-0.138646481471284	0.108128003571714	0.33889903052044	0.929388254515271	0.195212844043245	0.409199806700412	0.464699518022378	0.52461875481835	-0.710232373032636	0.264242557794945	0.729286382655814	1.77154980827377	0.477560048770344	0.791593019701132	0.465826500243492	0.0764693176779225	0.997233545206974	0.961220095351375	0.985994236939106	0.993464214136497	FALSE	FALSE	FALSE	FALSE
Duodenibacillus intestinigallinarum	-0.152356041503988	0.676351537727916	0.600574473393028	-0.318828386039228	0.154764942364347	0.324414025162513	0.368414253047514	0.415918285247311	-0.984435099942161	2.08484062114486	1.63016079976573	-0.76656496563898	0.324901627083822	0.0370837700828592	0.103067516457641	0.443340212133877	0.997233545206974	0.562012670254427	0.985994236939106	0.993464214136497	FALSE	FALSE	FALSE	FALSE
Enterobacter_B_713587 cloacae_713536	0.0223199166253288	-0.248461035746016	-0.0226310461657265	0.392912904175633	0.130371989456621	0.273282186662775	0.310347410597066	0.350364194052579	0.171201779756191	-0.909173915724745	-0.0729216529378718	1.12144137684534	0.864065108113511	0.363258330615092	0.94186846326038	0.262100031947296	0.997233545206974	0.930036363527287	0.985994236939106	0.993464214136497	FALSE	FALSE	FALSE	FALSE
Phocaeicola_A_858004 vulgatus	-0.0363619425502876	-0.0496663827611693	0.0538832619332118	0.536076277673733	0.190057109848734	0.398392498164273	0.452426415773481	0.510763135499062	-0.191321138047547	-0.12466696283194	0.119098399329958	1.04955945410966	0.848274001202544	0.9007872131475	0.905197398868204	0.293920706863612	0.997233545206974	0.987235585760553	0.985994236939106	0.993464214136497	FALSE	FALSE	FALSE	FALSE
Phocaeicola_A_858004 dorei	0.146628289665931	-0.411774408704996	-0.131217897918187	-0.454322651873661	0.244317604829237	0.512131858739192	0.581592229573669	0.656583834193419	0.60015441690506	-0.804039822319853	-0.225618382168509	-0.691949189446271	0.548403329244033	0.421373976896169	0.8214982425596	0.488969238316205	0.997233545206974	0.930036363527287	0.985994236939106	0.993464214136497	FALSE	FALSE	FALSE	FALSE
Phocaeicola_A_858004 massiliensis	-0.0976934708984248	0.679595342297718	0.475333578446394	-0.725670873557266	0.256995413305706	0.538706732966254	0.611771450195497	0.690654420733707	-0.380137021286891	1.26153118331322	0.776979014457927	-1.05070039627975	0.703843705835551	0.207117532319108	0.437171151615176	0.293396213965165	0.997233545206974	0.845383629609388	0.985994236939106	0.993464214136497	FALSE	FALSE	FALSE	FALSE
Phocaeicola_A_858004 coprocola	-0.0563872747409795	0.159839909851191	0.428151078415369	-0.139001396332949	0.255803043837032	0.53620732080673	0.608933043121858	0.687450024071156	-0.220432383818321	0.298093486695986	0.703116842239892	-0.202198547480975	0.82553442696161	0.765631812588093	0.48198293696948	0.839761508621197	0.997233545206974	0.960620788038167	0.985994236939106	0.993464214136497	FALSE	FALSE	FALSE	FALSE
Phocaeicola_A_858004 plebeius	-0.31317148674921	1.27734479667563	1.52244313804141	-0.979113788038064	0.292063612691442	0.612215730185697	0.695250462205864	0.784897374805882	-1.07227149545694	2.08642923351248	2.18977652055212	-1.24744179234924	0.283598105869053	0.0369397592299789	0.0285404483528871	0.212235550648055	0.997233545206974	0.562012670254427	0.661619484544201	0.993464214136497	FALSE	FALSE	FALSE	FALSE
Bacteroides_H helcogenes	0.00586030464707049	0.114725201022465	-0.0823945173283656	-0.0222468216867109	0.0778205659867407	0.1631253348885	0.185250000754335	0.209136487034526	0.0753053459938725	0.70329480764519	-0.444774720609212	-0.106374655145844	0.939971768074706	0.48187204587269	0.656482564736679	0.915285101229004	0.997233545206974	0.945993607281169	0.985994236939106	0.993464214136497	FALSE	FALSE	FALSE	FALSE
Bacteroides_H cellulosilyticus	0.174195417864393	-0.515010230486769	-0.49257336016825	-0.0696415274465639	0.125021332986216	0.262066287400917	0.297610300520696	0.335984736856912	1.39332555255668	-1.96519069886654	-1.65509513382584	-0.207275866451703	0.163521367012808	0.0493921700799511	0.0979052018267726	0.835794420650546	0.997233545206974	0.58088820579467	0.985994236939106	0.993464214136497	FALSE	FALSE	FALSE	FALSE
Bacteroides_H intestinalis	0.103360115121391	-0.27397080409404	-0.321119832434723	-0.00425175653675317	0.12100534837559	0.253648090665788	0.288050344965057	0.325192102508889	0.854178071539206	-1.08012168897037	-1.11480454041351	-0.0130745996103548	0.393006331320092	0.28008799478836	0.264934190369308	0.989568276041844	0.997233545206974	0.845383629609388	0.985994236939106	0.993464214136497	FALSE	FALSE	FALSE	FALSE
Bacteroides_H salyersiae	0.0846191135188351	-0.325158737748132	0.0642662079656822	-0.229557082056013	0.151851310673439	0.3183065503672	0.361478422318264	0.408088135355409	0.557249806692883	-1.02152700713519	0.177787120884076	-0.562518392886108	0.577356764295059	0.307004820359725	0.858890162257632	0.573762875655589	0.997233545206974	0.850634537269381	0.985994236939106	0.993464214136497	FALSE	FALSE	FALSE	FALSE
Bacteroides_H nordii	0.102569464377282	-0.227850700251594	-0.456528717879078	0.0999538830750406	0.110614795508363	0.231867698880512	0.263315881753625	0.297268330721252	0.927267133712934	-0.982675471191922	-1.73376825901537	0.336241276803775	0.353787854209157	0.325767186716286	0.0829592096347561	0.736688928659828	0.997233545206974	0.88373013417716	0.985994236939106	0.993464214136497	FALSE	FALSE	FALSE	FALSE
Bacteroides_H zhangwenhongii	0.060786111734827	-0.335554643106667	-0.184557883984589	0.368865941124413	0.126996249616152	0.26620605344541	0.302311542442371	0.341292165824226	0.478644935724904	-1.26050718518119	-0.610489042176653	1.08079228901606	0.632191245019102	0.207486457537394	0.541537899998406	0.279789519274118	0.997233545206974	0.845383629609388	0.985994236939106	0.993464214136497	FALSE	FALSE	FALSE	FALSE
Bacteroides_H finegoldii	-0.00599260289284361	0.21317237351771	-0.482080825481132	0.453320312384802	0.178823397619127	0.374844698861348	0.425684831815284	0.480573441010625	-0.0335112908748506	0.568695180071256	-1.13248297672565	0.943290397886926	0.9732668620738	0.569563019352722	0.257431437309919	0.345532385954195	0.997233545206974	0.951961580616053	0.985994236939106	0.993464214136497	FALSE	FALSE	FALSE	FALSE
Bacteroides_H xylanisolvens	0.150452013860455	-0.242169600030576	-0.887621144029824	0.20354861457342	0.169389278046576	0.355069156302165	0.403227135244055	0.455220006469901	0.888202698514875	-0.6820350225647	-2.20129318304084	0.44714338491377	0.37443172749372	0.495216805518307	0.027715275160035	0.654771535754671	0.997233545206974	0.945993607281169	0.661619484544201	0.993464214136497	FALSE	FALSE	FALSE	FALSE
Bacteroides_H ovatus	0.188975667646717	-0.801982006083717	-0.174679447711663	-0.12093552819954	0.165927898960253	0.347813508447732	0.394987404907712	0.445917829683733	1.13890231137071	-2.30578165196317	-0.442240551322076	-0.271205859351517	0.254743901471608	0.0211228359564334	0.658315144730719	0.786232706698611	0.997233545206974	0.562012670254427	0.985994236939106	0.993464214136497	FALSE	FALSE	FALSE	FALSE
Bacteroides_H caccae	0.00739043975319256	-0.0380414496408203	-0.297866580666131	0.52922505204384	0.17910393681808	0.375432757431706	0.426352648685527	0.481327367454113	0.041263413214078	-0.101326932420755	-0.698638982505382	1.09951165844376	0.967085900239766	0.919290937235875	0.484777675330883	0.271544951584986	0.997233545206974	0.987235585760553	0.985994236939106	0.993464214136497	FALSE	FALSE	FALSE	FALSE
Bacteroides_H thetaiotaomicron	0.169490476556193	-0.501521746444787	-0.928432112940199	0.535653701318697	0.150584043723666	0.315650140163114	0.358461723577709	0.404682457760418	1.12555402528054	-1.58885323537516	-2.59004532945322	1.32363953773311	0.260354337397743	0.112093531179819	0.0095963294777952	0.185622787565524	0.997233545206974	0.752206590811944	0.661619484544201	0.993464214136497	FALSE	FALSE	FALSE	FALSE
Bacteroides_H fragilis	-0.0190248580023741	0.47740271049842	-0.254636920053152	-0.198969862345905	0.205692443047778	0.431166854555126	0.489645953439278	0.55278183090947	-0.0924917693643954	1.10723425387371	-0.520042937687077	-0.359942840412371	0.926307330286819	0.268192661396594	0.603033648503114	0.718889879155817	0.997233545206974	0.845383629609388	0.985994236939106	0.993464214136497	FALSE	FALSE	FALSE	FALSE
Bacteroides_H clarus	-0.104113981617545	0.415687426208602	0.414689974796215	-0.0942795833894531	0.129734037929109	0.271944930177315	0.308828782205532	0.348649750837339	-0.80251862409799	1.52857207500638	1.34278279321851	-0.270413454084007	0.422253019587947	0.126370563143188	0.179342316601783	0.786842190669852	0.997233545206974	0.826269066705461	0.985994236939106	0.993464214136497	FALSE	FALSE	FALSE	FALSE
Bacteroides_H stercoris	-0.160679734631454	0.0986497957613173	0.458063128469384	1.01678052384418	0.219422442695818	0.459947303042061	0.522329890042744	0.589680096258319	-0.73228486866406	0.2144806483457	0.876961355651883	1.72429174784079	0.463994712947271	0.830172256227256	0.380507628398481	0.0846551882773211	0.997233545206974	0.971369081585372	0.985994236939106	0.993464214136497	FALSE	FALSE	FALSE	FALSE
Bacteroides_H eggerthii	0.154484169498283	-0.291145070973381	-0.549373128675288	-0.199549992741579	0.170634067163467	0.357678449089794	0.406190326039691	0.458565276704119	0.90535361470513	-0.813985499306082	-1.35250175461246	-0.435161585229086	0.365278081118097	0.415653258085437	0.176214857862102	0.663445143978459	0.997233545206974	0.930036363527287	0.985994236939106	0.993464214136497	FALSE	FALSE	FALSE	FALSE
Bacteroides_H uniformis	0.112058151785101	-0.181103899883751	-0.69522127288707	0.23393123656342	0.159977550587458	0.335340551476681	0.380822742564641	0.429926748925852	0.700461729621495	-0.540059647084898	-1.82557708661284	0.544118822910843	0.48363899726996	0.589155898316665	0.0679139898507777	0.586359708396631	0.997233545206974	0.954294831353126	0.985994236939106	0.993464214136497	FALSE	FALSE	FALSE	FALSE
Phocaeicola_A_858004 coprophilus	-0.0112138857128079	-0.122863300220675	0.231262184726003	0.172505027703069	0.19577040684523	0.41036855454543	0.466026782970641	0.526117159825171	-0.0572808009827211	-0.299397453483666	0.496242261553821	0.32788329458859	0.954321513835531	0.7646368049362	0.61972349728807	0.742999905122323	0.997233545206974	0.960620788038167	0.985994236939106	0.993464214136497	FALSE	FALSE	FALSE	FALSE
Paraprevotella clara	-0.0784065158597967	0.294509212713753	0.854361266839631	-0.725419920078945	0.206120719810005	0.432064596551439	0.490665456054295	0.553932790124362	-0.380391238358129	0.681632364846377	1.74122970406356	-1.30958111347061	0.703655017477665	0.49547144453405	0.0816433224848994	0.190337581072843	0.997233545206974	0.945993607281169	0.985994236939106	0.993464214136497	FALSE	FALSE	FALSE	FALSE
Prevotella stercorea	-0.312754770646645	1.03749826610196	0.559511359825704	0.740184671680167	0.291045001356846	0.6100805450586	0.692825682225025	0.782159939097598	-1.07459248291016	1.7005922816344	0.807578838631993	0.946334163488532	0.282557218815893	0.089019574508964	0.419333072713586	0.343978173562693	0.997233545206974	0.630555319438495	0.985994236939106	0.993464214136497	FALSE	FALSE	FALSE	FALSE
Prevotella copri	-0.025046670370821	0.785512275496145	0.161358663968282	-1.25593823726478	0.35945499251176	0.753479691227314	0.855674034101713	0.966006266180845	-0.0696795729440359	1.04251287014339	0.188574921684607	-1.30013466913646	0.944448700686045	0.297173961661892	0.850425989735453	0.193554817090783	0.997233545206974	0.850634537269381	0.985994236939106	0.993464214136497	FALSE	FALSE	FALSE	FALSE
Limisoma sp900548875	-0.0899901558006744	0.863806326093196	0.172534812726952	-0.739688207516345	0.206244292862437	0.432323626992885	0.490959618757508	0.554264882724179	-0.436327980530822	1.99805486482794	0.351423632688149	-1.33453918978381	0.662598783660429	0.045710712304844	0.72527055529656	0.182027212144646	0.997233545206974	0.58088820579467	0.985994236939106	0.993464214136497	FALSE	FALSE	FALSE	FALSE
Barnesiella intestinihominis	0.0650327889906814	0.190262995729937	-0.57301311887123	-0.121311008385217	0.179935229965417	0.377175291315012	0.428331522190476	0.483561400660189	0.361423324399454	0.504441834104748	-1.33777947497503	-0.250869916870112	0.717783014396572	0.613950926703814	0.180968334567019	0.801914683631096	0.997233545206974	0.958858670897386	0.985994236939106	0.993464214136497	FALSE	FALSE	FALSE	FALSE
Coprobacter fastidiosus	-0.0160157214210406	-0.0803245965146331	0.0934559798172985	0.328144748422459	0.102511481769857	0.214881754991008	0.244026136721104	0.2754913293962	-0.156233439850148	-0.373808360407305	0.382975287291085	1.19112550344746	0.87584901917607	0.708546898992962	0.701738087616181	0.233604319252634	0.997233545206974	0.960225392441361	0.985994236939106	0.993464214136497	FALSE	FALSE	FALSE	FALSE
Coprobacter secundus	0.0092564904209716	-0.0752911737768881	0.180098170414483	-0.0591563148627787	0.0847943219320734	0.177743530729005	0.201850860408241	0.22787789300286	0.10916403610594	-0.423594453582	0.892233850528236	-0.259596550078845	0.913072384822178	0.671861600979613	0.372267601865061	0.795174997760771	0.997233545206974	0.958858670897386	0.985994236939106	0.993464214136497	FALSE	FALSE	FALSE	FALSE
Parabacteroides_B_862066 goldsteinii	0.0205579455606307	-0.166492267256101	-0.185228566836735	0.477738444455387	0.104797411356701	0.219673457861031	0.249467737566816	0.281634580570732	0.196168448194365	-0.757907982499308	-0.742495076290675	1.69630605548243	0.844478322922296	0.448506071195666	0.457787433874776	0.0898279342964224	0.997233545206974	0.945487437841695	0.985994236939106	0.993464214136497	FALSE	FALSE	FALSE	FALSE
Parabacteroides_B_862066 merdae	-0.0225145094537018	0.473120498441625	-0.452380523715726	0.108792599163779	0.189200826499607	0.39659758050575	0.450388053689365	0.508461943143648	-0.118997944513464	1.19294852439163	-1.00442389626021	0.213964094325626	0.905276984251782	0.232889533502355	0.315174336655639	0.830575057329127	0.997233545206974	0.845383629609388	0.985994236939106	0.993464214136497	FALSE	FALSE	FALSE	FALSE
Parabacteroides_B_862066 johnsonii	0.0471798472399541	0.0984166472463622	-0.202760965398439	-0.261123345940937	0.14250280512675	0.298710469579629	0.339224527893092	0.382964781595806	0.331080129952457	0.329471703435312	-0.597719058399987	-0.681846891645862	0.74058396006152	0.741799178497475	0.550027406572623	0.49533577000404	0.997233545206974	0.960620788038167	0.985994236939106	0.993464214136497	FALSE	FALSE	FALSE	FALSE
Parabacteroides_B_862066 distasonis	0.0391027760077446	0.123427382013863	-0.0242131334981056	-0.461128339969402	0.137361964866157	0.287934381299052	0.326986880298559	0.369149188521228	0.28466960301453	0.428664966847671	-0.0740492507711551	-1.24916525434238	0.775897280769032	0.66816705913278	0.940971196350175	0.211604637502837	0.997233545206974	0.958858670897386	0.985994236939106	0.993464214136497	FALSE	FALSE	FALSE	FALSE
Butyricimonas faecihominis	0.0152700681451959	0.107920116342812	-0.0364645849794324	-0.168767730358671	0.11244152374953	0.235696836491018	0.26766436475119	0.302177515360048	0.135804528754082	0.457876813068403	-0.136232497790016	-0.558505255288709	0.891975810805471	0.647040946159663	0.891637485129855	0.576499416926885	0.997233545206974	0.958858670897386	0.985994236939106	0.993464214136497	FALSE	FALSE	FALSE	FALSE
Butyricimonas paravirosa	0.0434072858235183	0.163226295245525	-0.289077357704332	-0.22565978948302	0.129763933828441	0.272007597141099	0.308899948680661	0.348730093652684	0.334509632552496	0.600079913065277	-0.935828441989088	-0.647090095148956	0.737995023412534	0.548452978778101	0.349361525009289	0.517573635358095	0.997233545206974	0.949707967576719	0.985994236939106	0.993464214136497	FALSE	FALSE	FALSE	FALSE
Butyricimonas virosa	-0.0990641929998151	0.578375447054725	0.0426533844561174	0.0510461393174829	0.131048935039015	0.274701181416014	0.311958863405961	0.352183430641523	-0.755932835091889	2.10547127636418	0.136727592832043	0.144941910596133	0.449689466114494	0.0352503050792693	0.891246118425142	0.884756735933817	0.997233545206974	0.562012670254427	0.985994236939106	0.993464214136497	FALSE	FALSE	FALSE	FALSE
Odoribacter splanchnicus	-0.0470860872867233	0.662496836524101	-0.380585501618282	-0.0788526581854068	0.161334828272523	0.338185639714032	0.384053709713158	0.433574323103521	-0.291853208578043	1.95897388512506	-0.990969471177701	-0.181866531258079	0.77039886075138	0.0501158452058147	0.321700487619742	0.855687470615261	0.997233545206974	0.58088820579467	0.985994236939106	0.993464214136497	FALSE	FALSE	FALSE	FALSE
Alistipes_A_871400 putredinis	0.0781740685680348	0.463442643589207	-1.11081853387507	-0.0415897695090358	0.210662919660343	0.441585831231782	0.50147805443407	0.566139585436931	0.371086039698286	1.04949618128928	-2.21508902344422	-0.0734620411270799	0.710573448590699	0.293949811869596	0.0267539547018274	0.941438449219133	0.997233545206974	0.850634537269381	0.661619484544201	0.993464214136497	FALSE	FALSE	FALSE	FALSE
Alistipes_A_871400 onderdonkii	-0.0628826517002783	0.242467124626026	-0.176043796551302	0.582588292723686	0.141437091096015	0.296476549073465	0.336687621067829	0.380100761195218	-0.444598027384417	0.817829016776448	-0.522869822160276	1.53272066830845	0.656610273284344	0.413454826764812	0.601064846496681	0.12534469444278	0.997233545206974	0.930036363527287	0.985994236939106	0.993464214136497	FALSE	FALSE	FALSE	FALSE
Alistipes_A_871400 finegoldii	0.0425956130965789	0.102360951477041	-0.298545324139646	-0.0930169928860636	0.12176791035935	0.255246552170106	0.289865605574839	0.32724142626293	0.349809838822682	0.401027753780681	-1.02994394090873	-0.284245775201233	0.72648141468951	0.688399690431472	0.303036322017057	0.776222037968337	0.997233545206974	0.960225392441361	0.985994236939106	0.993464214136497	FALSE	FALSE	FALSE	FALSE
Alistipes_A_871400 shahii	0.134295627610204	-0.101056736753404	-0.442414452186889	-0.480920322292141	0.132252720504214	0.277224523474179	0.314824445986975	0.355418506872887	1.0154469949518	-0.364530292944361	-1.40527350345974	-1.35310996189666	0.309892801004342	0.715462057113171	0.159939964266125	0.17602050360392	0.997233545206974	0.960225392441361	0.985994236939106	0.993464214136497	FALSE	FALSE	FALSE	FALSE
Alistipes_A_871400 communis	0.0769610287715271	-0.0456491198827833	-0.263665724483454	-0.225189813335494	0.0961400895372423	0.201526217435185	0.228859189514639	0.258368727264583	0.800509227128547	-0.226517028224703	-1.15208711978152	-0.871583088710611	0.423415819672685	0.820799316776791	0.249285275385525	0.383435859720813	0.997233545206974	0.971369081585372	0.985994236939106	0.993464214136497	FALSE	FALSE	FALSE	FALSE
Alistipes_A_871404 ihumii	0.0719221938932429	-0.132403593286991	-0.236135172348955	-0.0504994525938256	0.079719428614885	0.167105678621493	0.189770197939177	0.21423952701343	0.902191537782972	-0.792334493831864	-1.24432168440188	-0.235714918240367	0.36695512928048	0.428165663937344	0.213381193380712	0.813653892963521	0.997233545206974	0.930036363527287	0.985994236939106	0.993464214136497	FALSE	FALSE	FALSE	FALSE
Alistipes_A_871404 indistinctus	-0.00684650134252984	0.231586296754668	-0.144250251263675	-0.0220082563900437	0.0923464427433627	0.19357407913018	0.219828503827418	0.248173607845162	-0.0741393077972343	1.19637039109417	-0.656194482299357	-0.0886808898864656	0.940899538209956	0.231552050531787	0.511698998623191	0.929335520350273	0.997233545206974	0.845383629609388	0.985994236939106	0.993464214136497	FALSE	FALSE	FALSE	FALSE
OLB9 sp001567255	-0.0153851962431867	0.0310160325652713	0.0442935066069716	0.183019770042033	0.0675914004006373	0.141683238693166	0.160899716115378	0.181646430532796	-0.227620616705578	0.218911092457737	0.275286418623695	1.00756050920026	0.819941190831006	0.826719305503231	0.783096197897229	0.313665495314528	0.997233545206974	0.971369081585372	0.985994236939106	0.993464214136497	FALSE	FALSE	FALSE	FALSE
Fusobacterium_A mortiferum	-0.116117986190305	0.176583077096087	0.686497731492793	0.106376317449507	0.228703531896205	0.479402067534536	0.544423301463905	0.614622274031142	-0.507722750180369	0.36834024935315	1.26096316900262	0.173075923122365	0.61164779145752	0.712619544262366	0.207322117219208	0.862591749896129	0.997233545206974	0.960225392441361	0.985994236939106	0.993464214136497	FALSE	FALSE	FALSE	FALSE
Scatocola faecipullorum	-0.0413100923350795	0.186141019046507	0.147310384087556	0.0305989898069863	0.136274284976174	0.285654416561516	0.324397684269401	0.366226136647669	-0.303139307186987	0.651630110562009	0.454104302314378	0.0835521737664078	0.761783699780043	0.514639818415344	0.649753756831222	0.933412493711228	0.997233545206974	0.945993607281169	0.985994236939106	0.993464214136497	FALSE	FALSE	FALSE	FALSE
Desulfovibrio_R_446353 piger_A	0.018637278370725	0.303868068655606	-0.14318671331036	-0.420691044722776	0.136547145943552	0.28622638023355	0.325047223292558	0.366959428463819	0.136489695496305	1.06163543838154	-0.440510495244208	-1.14642386076273	0.891434170120883	0.288401219059294	0.659567412588361	0.251619814545997	0.997233545206974	0.845383629609388	0.985994236939106	0.993464214136497	FALSE	FALSE	FALSE	FALSE
Mailhella massiliensis	-0.0796822899255991	0.366151039777064	0.0287623272052055	0.257289191501163	0.0858461756530702	0.179948397634246	0.20435477309684	0.230704664940255	-0.928198481987349	2.03475576660196	0.1407470291461	1.11523185527173	0.353304621733152	0.0418754538620946	0.88806979097711	0.264751078555104	0.997233545206974	0.562012670254427	0.985994236939106	0.993464214136497	FALSE	FALSE	FALSE	FALSE
Bilophila wadsworthia	0.059135050266759	-0.0751772542488858	-0.471844710666364	0.291709191267999	0.130489216801785	0.273527915406785	0.31062646749552	0.350679233076534	0.453179593809547	-0.274843078217752	-1.51901000088851	0.831840507659417	0.650419425244418	0.783436800434476	0.128759978657464	0.405498975942866	0.997233545206974	0.960620788038167	0.985994236939106	0.993464214136497	FALSE	FALSE	FALSE	FALSE
Victivallis lenta	-0.0412679776016857	0.35544274963379	0.0177378503610369	-0.107461663253489	0.0779500342454586	0.163396722699589	0.185558196855469	0.209484422525195	-0.529415772567027	2.17533585595401	0.095591844831586	-0.512981643017225	0.596517059071402	0.0296049574460598	0.92384474242053	0.607964161637507	0.997233545206974	0.562012670254427	0.985994236939106	0.993464214136497	FALSE	FALSE	FALSE	FALSE
Akkermansia muciniphila_D_776786	0.276835124543777	-0.467909328787245	-0.882680043206858	-0.70216344479115	0.192972732094368	0.404504145505779	0.459366984970768	0.518598634846053	1.43458156776471	-1.15674791960954	-1.92151389212925	-1.35396315688257	0.151406370159911	0.247375365398176	0.0546669526824027	0.175748132313563	0.997233545206974	0.845383629609388	0.985994236939106	0.993464214136497	FALSE	FALSE	FALSE	FALSE
Bifidobacterium bifidum	0.0342309063350259	-0.00183146024236126	-0.131171428956266	-0.0382627558444208	0.124080958862069	0.260095100967397	0.295371762352813	0.333457557334011	0.275875578726608	-0.00704150226416928	-0.444089265376647	-0.114745505096154	0.782643631648309	0.994381740486729	0.656978047181571	0.908646844260176	0.997233545206974	0.994589427260746	0.985994236939106	0.993464214136497	FALSE	FALSE	FALSE	FALSE
Bifidobacterium longum	-0.122454212347702	0.326802844861408	0.578818941202895	0.0403714797903443	0.181449497773124	0.380349457939359	0.431936200580603	0.487630873115416	-0.674866637001183	0.859217327748925	1.34005656489281	0.0827910659807402	0.499760498853879	0.390220625199895	0.180226955807294	0.934017673054295	0.997233545206974	0.930036363527287	0.985994236939106	0.993464214136497	FALSE	FALSE	FALSE	FALSE
Bifidobacterium catenulatum	0.115710571593656	-0.306016283529722	0.0013053618840126	-0.503709490013733	0.172506352794178	0.361603082850086	0.410647257316194	0.463596893148527	0.670761219627161	-0.846276754937377	0.0031787911906288	-1.08652473184792	0.502372656029941	0.397398372162505	0.99746369585842	0.277246905071262	0.997233545206974	0.930036363527287	0.999125797841935	0.993464214136497	FALSE	FALSE	FALSE	FALSE
Bifidobacterium adolescentis	-0.0792401610590759	0.281617833765531	0.849514245804051	-0.686662383278367	0.284020448437042	0.595355869994167	0.67610390158526	0.763282020362257	-0.278994563578547	0.47302436737256	1.25648475598528	-0.89961818169446	0.780248996824647	0.636195794601596	0.208940269410048	0.368323478043238	0.997233545206974	0.958858670897386	0.985994236939106	0.993464214136497	FALSE	FALSE	FALSE	FALSE
Bifidobacterium pseudocatenulatum	0.259206718775652	-1.34342706448264	0.309890057202461	-0.504001514415393	0.242507029536798	0.508336580496546	0.57728219828519	0.651718059299971	1.06886270171529	-2.64279045818495	0.536808614786644	-0.773342870008475	0.285131540764928	0.00822259050895313	0.591399820375921	0.439319490834244	0.997233545206974	0.41935211595661	0.985994236939106	0.993464214136497	FALSE	FALSE	FALSE	FALSE
Rothia sp001808955	-0.0259547733672649	0.0361586183434191	0.0647884345210325	0.256071287907938	0.0751186533734203	0.157461659813682	0.178818162238267	0.201875315067204	-0.345517021427978	0.229634429017223	0.362314620115069	1.2684626043689	0.729705716051189	0.818375851206009	0.717116934048324	0.204632797033654	0.997233545206974	0.971369081585372	0.985994236939106	0.993464214136497	FALSE	FALSE	FALSE	FALSE
CAG-1427 sp000435675	-0.0997300810249863	0.258950260562319	0.360530207775697	0.219741053500064	0.109310478177266	0.229133624683824	0.260210985464246	0.293763083218294	-0.912356095115207	1.13012771879133	1.38553031161413	0.748021334378411	0.361581293804558	0.258422411355453	0.165890370568252	0.454447289222941	0.997233545206974	0.845383629609388	0.985994236939106	0.993464214136497	FALSE	FALSE	FALSE	FALSE
Eggerthella lenta	-0.0229716929518926	-0.0903579539720799	0.328722766109855	0.105115004052665	0.0623849364549884	0.130769591844805	0.148505852904165	0.167654479103781	-0.368224995603978	-0.690970681313398	2.21353407748845	0.626974027861175	0.71270547390169	0.489583965953663	0.0268608465211008	0.530676260052909	0.997233545206974	0.945993607281169	0.661619484544201	0.993464214136497	FALSE	FALSE	FALSE	FALSE
Peptococcus niger	-0.098355126587608	0.614783355082772	0.245917603000526	-0.294087062297746	0.10707143442736	0.224440202618561	0.254880995234803	0.287745833944474	-0.918593526962924	2.7391855287513	0.96483303030883	-1.02203760265212	0.358308218985044	0.00615916057330146	0.334628449034262	0.306763103549969	0.997233545206974	0.41935211595661	0.985994236939106	0.993464214136497	FALSE	FALSE	FALSE	FALSE
Acidaminococcus intestini	-0.0478304853878281	0.183147012036022	0.0777695284042951	0.196548782507444	0.147617829275499	0.309432442834997	0.351400720849278	0.396710995954469	-0.32401563972711	0.591880445237232	0.221312944994361	0.495445764074566	0.745926193653437	0.55393064921175	0.824848771229202	0.62028549734403	0.997233545206974	0.949707967576719	0.985994236939106	0.993464214136497	FALSE	FALSE	FALSE	FALSE
Phascolarctobacterium_A faecium	0.316198158291277	-0.875253805511937	-1.37682736582984	0.294559675435734	0.236229924118556	0.495178684373617	0.562339698590926	0.63484884536827	1.33851864648861	-1.7675514579532	-2.448390837922	0.46398395080149	0.180727426066922	0.0771359192209563	0.0143495904941837	0.64265924420831	0.997233545206974	0.630555319438495	0.661619484544201	0.993464214136497	FALSE	FALSE	FALSE	FALSE
Phascolarctobacterium_A succinatutens	-0.463053897645778	1.61690129044269	1.55262551473668	-0.0847654823348031	0.206336887105902	0.43251772050509	0.491180037145043	0.554513722276455	-2.24416440579583	3.73834692496411	3.16101102919661	-0.152864535050303	0.0248218252734551	0.000185234221966803	0.00157222545168452	0.878505104078365	0.997233545206974	0.0236173633007673	0.400917490179552	0.993464214136497	FALSE	TRUE	FALSE	FALSE
Veillonella_A rogosae	0.0165086356494676	-0.0322063422406713	-0.0186287997599718	0.0514823899018327	0.0722356955364422	0.151418482709231	0.171955349886505	0.194127598680806	0.228538474321731	-0.212697562836613	-0.108335098455891	0.265198715956316	0.819227649222766	0.831562867845689	0.913729881904257	0.790856384019174	0.997233545206974	0.971369081585372	0.985994236939106	0.993464214136497	FALSE	FALSE	FALSE	FALSE
Veillonella_A atypica	-0.0596269359157967	0.00770703781515537	0.132166736820261	0.568211137842753	0.0935615494743813	0.19612115251508	0.222721036411622	0.251439109064216	-0.637301714761828	0.0392973308402456	0.593418291103841	2.25983594977516	0.523928334228627	0.968653334655206	0.552901250768526	0.0238314343156261	0.997233545206974	0.994589427260746	0.985994236939106	0.993464214136497	FALSE	FALSE	FALSE	FALSE
Allisonella histaminiformans	-0.146348698720925	0.511910867488588	0.415461730741802	0.167053549577126	0.118826231683238	0.249080286054067	0.282863009666432	0.319335902363102	-1.23161945513054	2.05520427007005	1.46877363438838	0.523127992627578	0.218091269989759	0.039859278876106	0.141894197575436	0.600885186742153	0.997233545206974	0.562012670254427	0.985994236939106	0.993464214136497	FALSE	FALSE	FALSE	FALSE
Dialister hominis	0.0872224725632997	-0.179828658968536	-0.06959785094087	-0.344556155794029	0.187093719213283	0.39218072003488	0.445372135063851	0.502799262461762	0.466196689712859	-0.458535184882476	-0.156268983758699	-0.685275778065074	0.641074718604266	0.646567990281617	0.875821003331728	0.493169913523034	0.997233545206974	0.958858670897386	0.985994236939106	0.993464214136497	FALSE	FALSE	FALSE	FALSE
Megasphaera_A_38685 indica	-0.118575383569877	0.375650353536636	0.54999291246885	-0.0510443023273596	0.16339945741586	0.34251345866725	0.388968510132701	0.439122847206267	-0.725677951721075	1.09674625633201	1.41397799086927	-0.116241508844523	0.468036221267104	0.27275232970185	0.157368364771437	0.907461140409095	0.997233545206974	0.845383629609388	0.985994236939106	0.993464214136497	FALSE	FALSE	FALSE	FALSE
Megamonas funiformis	-0.262676046530773	0.494034929099952	1.78164742194286	-0.413242927176134	0.317683736681919	0.66591993103337	0.756238556141993	0.853749389190746	-0.826847635558308	0.74188337978308	2.35593306830594	-0.484033057485217	0.408323426475842	0.45815799650472	0.0184762464308512	0.628362408562331	0.997233545206974	0.945993607281169	0.661619484544201	0.993464214136497	FALSE	FALSE	FALSE	FALSE
Holdemania massiliensis	-0.0536712603981251	0.238265386907996	0.177266376709872	0.023515126775032	0.0901273348018014	0.188922445959296	0.214545970314128	0.242209934446441	-0.595504799028544	1.26118093431487	0.826239600074178	0.0970857237081326	0.551506092190374	0.207243666141046	0.408668188608513	0.922658318131262	0.997233545206974	0.845383629609388	0.985994236939106	0.993464214136497	FALSE	FALSE	FALSE	FALSE
Dielma fastidiosa	0.0178999862152358	0.00216085953823807	-0.0423876061420781	0.00569967538338235	0.0706031846561907	0.147996458201012	0.168069196683127	0.189740357516309	0.253529444916707	0.0146007516970653	-0.252203300655947	0.0300393414347416	0.799859110483859	0.988350699549697	0.80088392696862	0.976035677389206	0.997233545206974	0.994589427260746	0.985994236939106	0.993464214136497	FALSE	FALSE	FALSE	FALSE
Merdibacter massiliensis	-0.0100780589856843	0.281130090065802	-0.116614085380483	-0.116114472011942	0.105151256947327	0.220415179277956	0.250310058553552	0.282585512022306	-0.0958434476036046	1.27545703062166	-0.465878543013221	-0.410900301225549	0.923644909972981	0.202147523815466	0.641302440632362	0.68114564154818	0.997233545206974	0.845383629609388	0.985994236939106	0.993464214136497	FALSE	FALSE	FALSE	FALSE
Faecalitalea cylindroides	-0.00842633107777613	0.119193690109666	-0.0759814091079622	0.109432408501012	0.0882132223270758	0.184910135916382	0.209989471233317	0.237065911736283	-0.095522313497778	0.644603334040954	-0.36183437513179	0.461611742065838	0.923899967686565	0.519184273741287	0.717475802547428	0.644359772592308	0.997233545206974	0.945993607281169	0.985994236939106	0.993464214136497	FALSE	FALSE	FALSE	FALSE
Holdemanella biformis	0.0344622826877524	0.191891264321545	0.147543291764099	-0.767444455058726	0.264401842369057	0.554231886323438	0.629402277884496	0.710558600768114	0.130340554282709	0.346229203076852	0.234418108971598	-1.0800579350234	0.896296996041767	0.729170469476732	0.814660401338621	0.28011638211333	0.997233545206974	0.960620788038167	0.985994236939106	0.993464214136497	FALSE	FALSE	FALSE	FALSE
Longicatena caecimuris	0.0513014959609652	-0.0859409976869389	-0.114672443679175	-0.0834050431238536	0.0916907077131894	0.192199545354451	0.218267542232061	0.246411372902546	0.559505943845884	-0.447144646093975	-0.525375612454807	-0.338478870278603	0.575816475848026	0.654770625209969	0.599322103480848	0.735002347496572	0.997233545206974	0.958858670897386	0.985994236939106	0.993464214136497	FALSE	FALSE	FALSE	FALSE
Clostridium_AQ innocuum	0.080624427704081	-0.391869015878757	-0.508543415595267	0.697991606340231	0.145296122776867	0.304565745384265	0.34587395391859	0.390471597218511	0.554897310149817	-1.28664835693963	-1.47031428598109	1.78756050712091	0.578964901847855	0.198216880786194	0.141476653647803	0.0738469419125034	0.997233545206974	0.845383629609388	0.985994236939106	0.993464214136497	FALSE	FALSE	FALSE	FALSE
NSJ-61 sp003433845	0.0525164957965216	-0.223883848654862	0.0455400938061755	-0.0567490312880762	0.0917107286322927	0.192241512655666	0.218315201552345	0.246465177505936	0.572631976429743	-1.16459679057911	0.208597905607854	-0.2302517210031	0.56689390413679	0.244182243542328	0.834762145693047	0.817896173769746	0.997233545206974	0.845383629609388	0.985994236939106	0.993464214136497	FALSE	FALSE	FALSE	FALSE
Amedibacillus dolichus	-0.130113878748782	0.428566931221516	0.129723285387336	0.532173619051009	0.0988918802687799	0.207294445652667	0.235409761701174	0.265763942646928	-1.31571852406025	2.06743084636046	0.551053127321054	2.0024297267369	0.188268534447008	0.0386935741567656	0.58159725577631	0.0452385340115641	0.997233545206974	0.562012670254427	0.985994236939106	0.993464214136497	FALSE	FALSE	FALSE	FALSE
Faecalibacillus intestinalis	0.0671516521335215	0.223004201022798	-0.44411926055451	-0.375207662939479	0.272376431165091	0.570948000520972	0.648385596262475	0.731989664204886	0.246539878088131	0.390585834120294	-0.684961638744864	-0.512586012190545	0.805264338612796	0.696103398251446	0.493368128345662	0.608240939857651	0.997233545206974	0.960225392441361	0.985994236939106	0.993464214136497	FALSE	FALSE	FALSE	FALSE
Clostridium ramosum	-0.032742718533642	-0.295316869949134	0.0491627816476145	0.955129761726205	0.176071609145379	0.369076475376583	0.419134265003365	0.473178231695908	-0.18596251089298	-0.800150889183091	0.117296021233721	2.01854121290184	0.852474160442754	0.423623379799876	0.906625477863381	0.0435349264786756	0.997233545206974	0.930036363527287	0.985994236939106	0.993464214136497	FALSE	FALSE	FALSE	FALSE
Coprobacillus cateniformis	0.0566598992310536	-0.0784682725631322	-0.0955555192167776	-0.178262127995503	0.108398225179816	0.227221384984393	0.258039388967576	0.291311476952594	0.522701355460973	-0.345338413321096	-0.370313693576389	-0.611929642663931	0.601182094849711	0.729839971262543	0.71114877193711	0.540584308411556	0.997233545206974	0.960620788038167	0.985994236939106	0.993464214136497	FALSE	FALSE	FALSE	FALSE
Stoquefichus sp001244545	0.0125258740231899	-0.0391016365913181	0.101929674643277	-0.0552444016533171	0.0769141083952216	0.161225243359945	0.183092200083221	0.206700455454283	0.162855349747097	-0.242528004774174	0.556712271724009	-0.267267924165439	0.870632327135842	0.808371059787532	0.577724031079221	0.789262881528848	0.997233545206974	0.971369081585372	0.985994236939106	0.993464214136497	FALSE	FALSE	FALSE	FALSE
Turicibacter sanguinis	-0.0755976345222462	0.317983277884825	0.230884510531092	0.0336654794009225	0.101826525883582	0.213445969258588	0.242395615574921	0.27365056576241	-0.742415926167187	1.48976005023356	0.952511083929768	0.123023606061724	0.457835373140297	0.136287338850698	0.340837847399371	0.902088405021242	0.997233545206974	0.84522759324167	0.985994236939106	0.993464214136497	FALSE	FALSE	FALSE	FALSE
Streptococcus gordonii	0.0208456819074719	-0.0778037424041691	0.0434479454463103	0.00725153824615754	0.0602773887469422	0.126351808174006	0.143488885865247	0.16199061482408	0.345829212924048	-0.61577070821987	0.302796590720712	0.0447651751555647	0.729471069472701	0.538045862464433	0.762044881740325	0.964294483451664	0.997233545206974	0.949707967576719	0.985994236939106	0.993464214136497	FALSE	FALSE	FALSE	FALSE
Streptococcus anginosus	-0.0245262353784092	0.0297309292738137	-0.0901278229901037	0.459569472110617	0.0830282523559341	0.17404154414755	0.197646773915633	0.223131723628106	-0.295396261904534	0.17082662314584	-0.456004523648717	2.05963304830909	0.767691188538266	0.864360094521158	0.648386725277662	0.0394336343499102	0.997233545206974	0.97664697822376	0.985994236939106	0.993464214136497	FALSE	FALSE	FALSE	FALSE
Streptococcus ilei	0.0385938554358025	-0.307034163093273	0.108271798763321	0.156691702320288	0.105097900599174	0.220303335165149	0.250183045039704	0.2824421211452	0.367218138666662	-1.39368822021286	0.432770329204915	0.554774555880548	0.71345631035021	0.163411774966853	0.665181630773785	0.579048872867653	0.997233545206974	0.84522759324167	0.985994236939106	0.993464214136497	FALSE	FALSE	FALSE	FALSE
Streptococcus parasanguinis	-0.152394296655259	0.144068021268498	0.437326801653968	0.875085718304434	0.158396809205048	0.332027044769191	0.377059825415802	0.425678634106388	-0.962104586702766	0.433904477174885	1.15983398966386	2.05574263820281	0.335997070346326	0.664357808423723	0.246116402519954	0.0398073297074957	0.997233545206974	0.958858670897386	0.985994236939106	0.993464214136497	FALSE	FALSE	FALSE	FALSE
Streptococcus thermophilus	0.179568091957512	-0.441720597897053	-0.406157748572266	-0.375042783511985	0.156915538468507	0.328922045699922	0.373533695766367	0.421697838615386	1.14436144253204	-1.34293399810616	-1.0873389822007	-0.889363779390975	0.252473771691064	0.179293346492288	0.276887026706438	0.373807604501022	0.997233545206974	0.845383629609388	0.985994236939106	0.993464214136497	FALSE	FALSE	FALSE	FALSE
Streptococcus vestibularis	0.0460367079012164	-0.287693205925609	-0.459006875624423	0.800281879416982	0.183116209004946	0.383843172286024	0.435903766904972	0.492110024963061	0.251407060857037	-0.749507159948208	-1.05300047963221	1.62622551628989	0.801499409210377	0.453551584781547	0.292340772255584	0.103901689971273	0.997233545206974	0.945993607281169	0.985994236939106	0.993464214136497	FALSE	FALSE	FALSE	FALSE
Streptococcus infantarius	0.0930893817526785	-0.24731392575969	-0.323899271969552	0.0572847270050053	0.134610583108336	0.282167010361052	0.3204372816642	0.361755072222722	0.691545787880283	-0.876480653933411	-1.01080395604211	0.15835224272885	0.489222616674079	0.380768789048383	0.312110269317893	0.874179243660962	0.997233545206974	0.930036363527287	0.985994236939106	0.993464214136497	FALSE	FALSE	FALSE	FALSE
Streptococcus gallolyticus	-0.103332564644149	-0.15957136505145	0.09348218891575	1.38052052764876	0.170902643274349	0.358241430963224	0.406829665064184	0.45928705331444	-0.604628241344811	-0.445429677473097	0.229782134744284	3.00579020829402	0.545426037485315	0.656009269190828	0.818261067715477	0.00264891687888484	0.997233545206974	0.958858670897386	0.985994236939106	0.337736902057817	FALSE	FALSE	FALSE	FALSE
Streptococcus mutans	0.0326714352831939	-0.0835993254468253	-0.0172045312976824	-0.0241096950314274	0.0682640147414138	0.143093154416584	0.162500858506934	0.183454027259643	0.47860406990351	-0.584230082757449	-0.105873479412715	-0.131420909050445	0.632220322440933	0.559065524646155	0.915682736142881	0.895442349081739	0.997233545206974	0.949707967576719	0.985994236939106	0.993464214136497	FALSE	FALSE	FALSE	FALSE
Enterococcus_H_360604 faecalis	0.0243686666002479	-0.0960461395425192	0.0534102446951583	-0.00918702919583721	0.101158101418042	0.212044836236664	0.240804447081408	0.271854228986925	0.240896836324982	-0.452952032443374	0.221799245580802	-0.0337939535834076	0.809635074194847	0.650583282273475	0.824470166772727	0.973041457534826	0.997233545206974	0.958858670897386	0.985994236939106	0.993464214136497	FALSE	FALSE	FALSE	FALSE
Enterococcus_B hirae	0.103334143449438	-0.281863471506397	-0.0687064916691694	-0.326063170487322	0.112128780547318	0.235041272772764	0.266919887019487	0.301337043258294	0.921566639225431	-1.19920841212811	-0.257404918143673	-1.08205472172179	0.356754666529737	0.230446917124587	0.796866206642794	0.279228213327101	0.997233545206974	0.845383629609388	0.985994236939106	0.993464214136497	FALSE	FALSE	FALSE	FALSE
Granulicatella adiacens	0.00162249729290768	-0.135051022658618	0.0526170212523914	0.299686980022511	0.075302726010431	0.157847507824108	0.179256342759222	0.2023699954152	0.0215463287834085	-0.855579061844342	0.293529480979465	1.48088642986648	0.982809847003738	0.392230655581822	0.769117468801156	0.138636839727259	0.997233545206974	0.930036363527287	0.985994236939106	0.993464214136497	FALSE	FALSE	FALSE	FALSE
Weissella_A_338544 cibaria	0.0327642105233851	-0.299221629416165	-0.0391280869750505	0.399465438153533	0.112167500374226	0.235122436211389	0.267012058643696	0.301441099666462	0.292100745885157	-1.27262048759629	-0.146540523951629	1.32518571155537	0.770209596409178	0.203152744940842	0.883494701697211	0.185109563267012	0.997233545206974	0.845383629609388	0.985994236939106	0.993464214136497	FALSE	FALSE	FALSE	FALSE
Weissella_A_338544 confusa	-0.00120704792783193	-0.275898682907464	-0.325196151213761	1.09105441800462	0.127067773412852	0.266355979665314	0.302481803134061	0.34148438025227	-0.0094992451304718	-1.03582687820315	-1.07509327121286	3.19503462266299	0.992420812956775	0.300282915754378	0.282332971729974	0.00139814066743323	0.997233545206974	0.850634537269381	0.985994236939106	0.337736902057817	FALSE	FALSE	FALSE	FALSE
Lacticaseibacillus paracasei	0.13871883857353	-0.324280878953298	-0.224808199890191	-0.407769978551378	0.111993260601476	0.234757199581195	0.26659728502153	0.300972844347156	1.23863559136077	-1.3813458310621	-0.843250147397547	-1.35483976780655	0.215480481189746	0.167172652744249	0.399088557622056	0.175468613315149	0.997233545206974	0.84522759324167	0.985994236939106	0.993464214136497	FALSE	FALSE	FALSE	FALSE
CAG-269 sp000431335	-0.0915557792282091	0.228609114363002	0.610853689182887	-0.143320066788406	0.181273874705565	0.379981321684549	0.431518134058147	0.487158900303015	-0.505068804740445	0.60163250485451	1.41559216396819	-0.294195726895803	0.613510510862088	0.547418787085949	0.156894946903634	0.76860834568714	0.997233545206974	0.949707967576719	0.985994236939106	0.993464214136497	FALSE	FALSE	FALSE	FALSE
Avispirillum sp011957885	0.00568887101918109	0.0853332078882502	-0.0344517846254397	-0.0305041396325899	0.073301114024471	0.153651783706884	0.174491553179406	0.196990824834236	0.0776096120078326	0.555367505860116	-0.197440987816857	-0.154850560467771	0.938138596169509	0.578643313707797	0.843482457212035	0.876939130417178	0.997233545206974	0.951961580616053	0.985994236939106	0.993464214136497	FALSE	FALSE	FALSE	FALSE
UBA5905 sp002437905	0.0307906745830645	-0.0275547433791505	-0.126335275875872	0.0381885778889876	0.074664430776556	0.1565095308708	0.177736896182889	0.200654628516863	0.412387454947725	-0.176057925839016	-0.710799381496313	0.190319945127896	0.680055456698027	0.860248434857655	0.477208563970883	0.849058425331775	0.997233545206974	0.97664697822376	0.985994236939106	0.993464214136497	FALSE	FALSE	FALSE	FALSE
Ruminococcus_E sp003438075	0.013712072991646	0.725872864437697	-0.932332045412367	-0.0910053160823902	0.245595277705567	0.514810081560971	0.584633699374139	0.660017476875749	0.0558319896039887	1.40998183686838	-1.59472853927245	-0.137883191386343	0.9554756506626	0.158545046130624	0.110772953172857	0.890332734844078	0.997233545206974	0.84522759324167	0.985994236939106	0.993464214136497	FALSE	FALSE	FALSE	FALSE
Ruminococcus_E bromii_B	0.219529773846591	-0.974450821659585	-0.291083446119967	0.0330394171574959	0.267308407643054	0.560324548689539	0.636321287176876	0.718369760235187	0.821260265557141	-1.73908286534757	-0.457447286435124	0.0459922159678314	0.411498035449423	0.0820201881370736	0.647349582939235	0.963316454103695	0.997233545206974	0.630555319438495	0.985994236939106	0.993464214136497	FALSE	FALSE	FALSE	FALSE
Clostridium_A leptum	0.105415075919996	-0.164747088562198	-0.125524537682739	-0.486637720755505	0.135667345105879	0.284382165860899	0.32295287838802	0.36459503475699	0.777011415958106	-0.579315823351529	-0.388677562836038	-1.33473490959595	0.437152035100797	0.562376090604253	0.697514682118173	0.181963123658275	0.997233545206974	0.949707967576719	0.985994236939106	0.993464214136497	FALSE	FALSE	FALSE	FALSE
UMGS1071 sp900548305	0.0447653566605902	-0.321309664951134	-0.0352759736558175	0.310145445116589	0.109021529087715	0.228527937531578	0.259523149050073	0.292986555872929	0.410610244005782	-1.40599730790786	-0.135926115974384	1.05856544916383	0.68135835094724	0.159724924175576	0.891879689516419	0.289797729063266	0.997233545206974	0.84522759324167	0.985994236939106	0.993464214136497	FALSE	FALSE	FALSE	FALSE
UBA1417 sp003531055	-0.0576938826721811	0.675466141530008	0.0275687669648615	-0.536632201191505	0.170462199622413	0.357318185066583	0.405781199458481	0.458103396565937	-0.338455580181282	1.89037717574923	0.0679399809593256	-1.1714215725407	0.735019895793053	0.0587075337502344	0.945833412059552	0.241429365229033	0.997233545206974	0.591952350771201	0.985994236939106	0.993464214136497	FALSE	FALSE	FALSE	FALSE
Eubacterium_R sp000436835	-0.0687142949169492	0.661177107893218	0.0736417170888111	-0.457376401368677	0.211350720649391	0.44302758079056	0.503115348279528	0.56798799505468	-0.325119756894224	1.49240619898513	0.146371438161525	-0.805257162740994	0.745090436689892	0.135592690933919	0.883628173493113	0.420671296048307	0.997233545206974	0.84522759324167	0.985994236939106	0.993464214136497	FALSE	FALSE	FALSE	FALSE
CAG-177 sp003538135	-0.0639292175620543	0.849783618100298	-0.233917287313734	-0.442787967843003	0.152534250538307	0.319738110170867	0.363104144373581	0.409923481094459	-0.419113853684942	2.6577489234742	-0.644215415710231	-1.08017224741749	0.675132926435711	0.00786644736149021	0.519435755825713	0.280065484331585	0.997233545206974	0.41935211595661	0.985994236939106	0.993464214136497	FALSE	FALSE	FALSE	FALSE
Fimenecus sp000432435	-0.144169163006386	0.0446962192430552	0.747646423628357	0.558057859810819	0.200662336125934	0.420622882460517	0.477671903915855	0.539263824740999	-0.718466483495471	0.106261977431175	1.56518819193531	1.03485128096409	0.472469706612893	0.91537449835338	0.117538789395536	0.300738369871895	0.997233545206974	0.987235585760553	0.985994236939106	0.993464214136497	FALSE	FALSE	FALSE	FALSE
UBA737 sp900547445	0.0220640839553377	-0.00284995511072485	0.127276418228471	-0.254592878998643	0.107541413220993	0.225425359268731	0.255999768540691	0.289008864001308	0.20516825374051	-0.0126425665682422	0.497173958218795	-0.88091719912608	0.837440671667086	0.989912960036473	0.619066383996158	0.378362637694278	0.997233545206974	0.994589427260746	0.985994236939106	0.993464214136497	FALSE	FALSE	FALSE	FALSE
Massilioclostridium coli	-0.00881432646553894	0.0159009503026569	0.141116639242262	0.0133692079864324	0.0601286669417223	0.126040061607092	0.143134857156	0.161590936981921	-0.146591083984648	0.12615790646172	0.985899885228243	0.0827348874641908	0.883454791602878	0.899606930850173	0.324182243221549	0.934062343772269	0.997233545206974	0.987235585760553	0.985994236939106	0.993464214136497	FALSE	FALSE	FALSE	FALSE
Ruthenibacterium lactatiformans	0.0448286354673483	0.039745655898832	-0.0353249142040705	-0.352381452203108	0.113054266745176	0.236981251543749	0.269122984834023	0.303824212681503	0.396523163237985	0.167716457061138	-0.1312593728323	-1.15982017724343	0.691719123482499	0.866806348721838	0.895570129448887	0.246122027275191	0.997233545206974	0.97664697822376	0.985994236939106	0.993464214136497	FALSE	FALSE	FALSE	FALSE
Faecalibacterium prausnitzii_C_71351	-0.0250680943308853	0.0386368032240314	0.0480830495315689	0.264590185623713	0.11210946894114	0.235000792313837	0.266873916201699	0.301285144876113	-0.223603720253521	0.16441137429202	0.180171409090533	0.878205215635544	0.823065668619668	0.869407310026641	0.857018003345721	0.379832362096479	0.997233545206974	0.97664697822376	0.985994236939106	0.993464214136497	FALSE	FALSE	FALSE	FALSE
Faecalibacterium prausnitzii_C_71358	0.0915574224240031	-0.0215751364305544	-0.341753266301124	-0.316849039075072	0.197495864310316	0.413985411134163	0.470134193301778	0.530754187430922	0.463591593392271	-0.0521156926072507	-0.726927058636116	-0.596978877564316	0.64294037844788	0.958436509065719	0.467270640239233	0.550521483024832	0.997233545206974	0.994589427260746	0.985994236939106	0.993464214136497	FALSE	FALSE	FALSE	FALSE
Gemmiger_A_73129 formicilis_72474	0.0117886572982918	0.339809510818681	-0.312143760741578	-0.190158062083178	0.152705442280757	0.32009695760359	0.363511662232337	0.410383545078465	0.0771986716532194	1.06158306958826	-0.858689811558432	-0.463366683103292	0.93846549836217	0.288425003043203	0.390511673020213	0.643101555553766	0.997233545206974	0.845383629609388	0.985994236939106	0.993464214136497	FALSE	FALSE	FALSE	FALSE
Gemmiger_A_73129 qucibialis	-0.135124920915007	0.448492861547033	0.400422927686043	0.186769050671732	0.223913288857604	0.469360891529695	0.533020242192073	0.601748882679742	-0.603469859267438	0.955539478556359	0.751233998242325	0.310377062671062	0.546196160709835	0.339304950800693	0.452511842630341	0.756274234790581	0.997233545206974	0.910765920570281	0.985994236939106	0.993464214136497	FALSE	FALSE	FALSE	FALSE
Bittarella massiliensis	0.00836357685403349	-0.0227915675478884	0.0984601203025909	-0.0372784796324542	0.0504721474549109	0.10579833045068	0.120147742894702	0.135639820630541	0.165706776425653	-0.215424642816204	0.819492051456027	-0.274834333008994	0.86838771297176	0.829436258816571	0.412505735079124	0.783443519482425	0.997233545206974	0.971369081585372	0.985994236939106	0.993464214136497	FALSE	FALSE	FALSE	FALSE
Negativibacillus massiliensis	-0.291920917223408	1.5650711683056	0.219535899629504	0.0098277095603516	0.175314729533416	0.367489925104091	0.417332531144079	0.471144178857216	-1.66512487570399	4.25881381064338	0.526045499083588	0.0208592401251549	0.0958878447838859	2.05514556914364e-05	0.598856594529114	0.983357941211348	0.997233545206974	0.00524062120131628	0.985994236939106	0.993464214136497	FALSE	TRUE	FALSE	FALSE
Anaerotruncus colihominis	-0.00770432148009479	0.186400992622243	-0.0195111898545908	-0.0965754825968983	0.0749113918371752	0.157027203869025	0.178324781095905	0.201318316425031	-0.102845792757938	1.18706178311446	-0.109413788339925	-0.479715329990164	0.918085360568041	0.235203251367397	0.912874297892328	0.631429825756536	0.997233545206974	0.845383629609388	0.985994236939106	0.993464214136497	FALSE	FALSE	FALSE	FALSE
Phocea massiliensis	0.0114841295004837	0.0955991485190569	-0.136613626834432	0.0266844623782764	0.0775815186635672	0.162624250449542	0.184680954304509	0.208494066656704	0.148026613790389	0.587852969374446	-0.739727750210662	0.127986675142241	0.882321764845058	0.556630986490905	0.459465206306364	0.898159518009546	0.997233545206974	0.949707967576719	0.985994236939106	0.993464214136497	FALSE	FALSE	FALSE	FALSE
Massiliimalia timonensis	0.00273074482780386	0.120434689747815	-0.0282314352892058	-0.0724190111685742	0.0566201815004222	0.118685670704036	0.134782991265457	0.152162165670616	0.0482291782795415	1.01473656451873	-0.209458441485421	-0.475933099725583	0.961533596334675	0.310231419474715	0.83409037467344	0.634122040151056	0.997233545206974	0.850634537269381	0.985994236939106	0.993464214136497	FALSE	FALSE	FALSE	FALSE
Paludicola psychrotolerans	-0.0580281802442186	0.32797242415424	0.0469585150805326	0.0780595968415633	0.0732562884357078	0.153557821537812	0.174384846934766	0.196870359684126	-0.792125583800851	2.13582363223017	0.269280937569643	0.39650253581498	0.428287453920908	0.032693792123294	0.787713500196255	0.69173433752472	0.997233545206974	0.562012670254427	0.985994236939106	0.993464214136497	FALSE	FALSE	FALSE	FALSE
Ruminiclostridium_E siraeum	0.00743943913789466	0.222142026719684	0.262068346633745	-0.694866940180212	0.159790150882001	0.334947729356679	0.380376642036625	0.429423127350069	0.0465575575017036	0.663214009978046	0.688970661370189	-1.61814046781358	0.962865859530352	0.507193499963777	0.490841730465792	0.105632329049937	0.997233545206974	0.945993607281169	0.985994236939106	0.993464214136497	FALSE	FALSE	FALSE	FALSE
Ruminococcus_D bicirculans	0.0777958897593781	0.156050879062187	-0.919209224756632	0.270411577589182	0.256978987840048	0.538672302355884	0.611732349766362	0.690610278621115	0.302732493474528	0.289695383222226	-1.50263301443467	0.391554522080226	0.762093732838802	0.772049288604154	0.13293370502676	0.695387396073061	0.997233545206974	0.960620788038167	0.985994236939106	0.993464214136497	FALSE	FALSE	FALSE	FALSE
Ruminococcus_C_58660 callidus	0.0907978679870735	0.0811692686031556	-0.574605015265714	-0.1868538563671	0.164421031602829	0.344654854444184	0.391400343112928	0.441868245341049	0.552227820869064	0.235508850539927	-1.46807488898886	-0.422872334315131	0.580792275654764	0.813813810282192	0.142083881703589	0.672388408735005	0.997233545206974	0.971369081585372	0.985994236939106	0.993464214136497	FALSE	FALSE	FALSE	FALSE
Ruminococcus_C_58660 sp000433635	-0.0896254492372762	0.403112674859799	0.0552358424446652	0.257526550823739	0.225818496556617	0.473354535626125	0.537555543666744	0.606868974524239	-0.39689153281917	0.851608349599072	0.102753739767789	0.424352803709614	0.691447448342708	0.394431503816626	0.918158421161347	0.671308535170876	0.997233545206974	0.930036363527287	0.985994236939106	0.993464214136497	FALSE	FALSE	FALSE	FALSE
Pseudobutyricicoccus sp003477405	-0.0915135188406536	0.462016246567671	0.273605411912135	-0.122007811273344	0.0961448374955324	0.20153616997506	0.228870491916076	0.258381487019087	-0.951829772918447	2.29247309118182	1.19545953530988	-0.472200282926349	0.34118331998152	0.0218783585725699	0.231907536914006	0.636783837809696	0.997233545206974	0.562012670254427	0.985994236939106	0.993464214136497	FALSE	FALSE	FALSE	FALSE
Agathobaculum butyriciproducens	-0.0337481705355098	0.109389582813552	-0.116441472143726	0.444419132513583	0.123684615280784	0.25926429642867	0.294428275913192	0.332392415964275	-0.272856656091754	0.421923050417579	-0.39548332028428	1.33703150604178	0.784963406043083	0.673081184669145	0.692486228951434	0.181212352907099	0.997233545206974	0.958858670897386	0.985994236939106	0.993464214136497	FALSE	FALSE	FALSE	FALSE
Agathobaculum sp900291975	-0.033513843556103	0.152061459804814	0.213402675175015	-0.0760392353481115	0.0617654103819006	0.129470958291281	0.147031085867307	0.165989552809439	-0.54259889716403	1.17448315677644	1.45141195085512	-0.458096513070354	0.587405998462694	0.240201554516026	0.146665183915738	0.646883103968742	0.997233545206974	0.845383629609388	0.985994236939106	0.993464214136497	FALSE	FALSE	FALSE	FALSE
Limivicinus sp002320035	-0.0644639719220792	0.542806186603542	-0.227701122951967	0.117271274381173	0.137157557100264	0.287505907349495	0.326500292488438	0.368599859156435	-0.469999417348584	1.88798272566866	-0.697399445545764	0.318153334755895	0.638355433840851	0.0590282695369998	0.485552848440882	0.75036862845609	0.997233545206974	0.591952350771201	0.985994236939106	0.993464214136497	FALSE	FALSE	FALSE	FALSE
Faecousia sp000434635	0.0253138489096581	0.401407746983679	-0.530590179831107	-0.152337982451053	0.17919538753991	0.375624453925238	0.42657034494709	0.481573133884334	0.141263953593784	1.0686411462007	-1.24385153847701	-0.316334055478357	0.887661424871402	0.285231400494646	0.213554207988494	0.751748964753958	0.997233545206974	0.845383629609388	0.985994236939106	0.993464214136497	FALSE	FALSE	FALSE	FALSE
Lawsonibacter sp000177015	-0.0817577640014436	0.162108766494852	0.257819603751638	0.347518860022361	0.145268703490814	0.304508269829273	0.345808682962286	0.390397910101365	-0.562803701257056	0.532362443180083	0.745555610527442	0.890165779658321	0.573568559691176	0.594474991740208	0.455935906131995	0.373376876457454	0.997233545206974	0.954294831353126	0.985994236939106	0.993464214136497	FALSE	FALSE	FALSE	FALSE
Lawsonibacter sp014287875	-0.0228954791592122	0.108249914369225	-0.0330667492240329	0.222594822581502	0.0981472573037927	0.205733587427222	0.233637204497605	0.263762828557252	-0.233276810663638	0.526165492581605	-0.141530323884576	0.843920365121448	0.815546464325019	0.598773227515687	0.887451006145059	0.39871390726108	0.997233545206974	0.954294831353126	0.985994236939106	0.993464214136497	FALSE	FALSE	FALSE	FALSE
Evtepia gabavorous	-0.00573752627484502	0.377752777931798	-0.133808006153844	-0.315424150786614	0.155970343178384	0.326940753270584	0.371283680927898	0.419157702598236	-0.0367860078905064	1.15541661341669	-0.360392909861905	-0.752519037181928	0.970655630584001	0.247919861840166	0.718553328022461	0.451738985838529	0.997233545206974	0.845383629609388	0.985994236939106	0.993464214136497	FALSE	FALSE	FALSE	FALSE
Pseudoflavonifractor gallinarum	-0.0262931337632187	-0.0376641810222302	0.288747058792739	0.0963167762739845	0.0654754208019491	0.13724778032459	0.155862677161949	0.175959906227874	-0.401572581606624	-0.274424700590091	1.85257345793385	0.547379106631547	0.687998611777061	0.783758263030281	0.0639435196910026	0.58411830633018	0.997233545206974	0.960620788038167	0.985994236939106	0.993464214136497	FALSE	FALSE	FALSE	FALSE
Lawsonibacter asaccharolyticus	-0.102502529385265	0.445342226163815	0.299886008203395	-0.0123159593744889	0.0957614537224867	0.200732531430725	0.227957855990786	0.257351174087484	-1.07039445832051	2.21858521381477	1.31553267554647	-0.0478566278866178	0.284441792653083	0.0265149564052042	0.188330943178217	0.961830505690508	0.997233545206974	0.562012670254427	0.985994236939106	0.993464214136497	FALSE	FALSE	FALSE	FALSE
Intestinimonas butyriciproducens	0.0233476890289095	-0.0602186687313293	0.0521925937505123	-0.0626403685434758	0.0721705093205087	0.151281841152216	0.171800175654633	0.193952415989308	0.323507333517941	-0.398056159765658	0.303798256035747	-0.322967714652902	0.746311054536981	0.690588789258822	0.761281595467393	0.746719692861575	0.997233545206974	0.960225392441361	0.985994236939106	0.993464214136497	FALSE	FALSE	FALSE	FALSE
Dysosmobacter welbionis	0.0734414339951122	0.0854535593397479	-0.406541811052705	-0.238478597418375	0.133283947886221	0.279386154013653	0.317279258167694	0.358189847189835	0.55101484582229	0.30586182640809	-1.28133749870858	-0.665788266444039	0.581623497643997	0.75970985201508	0.200075147052078	0.505546445773337	0.997233545206974	0.960620788038167	0.985994236939106	0.993464214136497	FALSE	FALSE	FALSE	FALSE
Dysosmobacter sp000403435	0.0874815998394616	0.0273384467073055	-0.381891164239193	-0.3106634762821	0.164451656529082	0.344719049574193	0.391473245019249	0.441950547357373	0.531959371439907	0.0793064576531952	-0.975523025131424	-0.702937190913555	0.594754135129049	0.936788870017829	0.329300886059794	0.482094892646277	0.997233545206974	0.993205742567829	0.985994236939106	0.993464214136497	FALSE	FALSE	FALSE	FALSE
Vescimonas fastidiosa	-0.065742674002865	0.497684945156438	0.0225554472957115	-0.120397582790102	0.105671940898694	0.22150662268833	0.251549534277745	0.283984808096081	-0.622139363048999	2.24681745004393	0.0896660268542069	-0.423957829284191	0.533850233707279	0.0246516960797023	0.928552613800868	0.67159656838284	0.997233545206974	0.562012670254427	0.985994236939106	0.993464214136497	FALSE	FALSE	FALSE	FALSE
Vescimonas coprocola	0.108802164178059	-0.318122603605036	-0.197214166433992	-0.145051188411837	0.161611827980986	0.338766278901556	0.384713100910731	0.434318737452134	0.673231443127164	-0.939062189532391	-0.512626593602159	-0.333974051551996	0.500800060268046	0.34769881562785	0.60821254704163	0.738399139415232	0.997233545206974	0.923574979011477	0.985994236939106	0.993464214136497	FALSE	FALSE	FALSE	FALSE
ER4 sp900317525	-0.0397951447362412	0.193258329969799	0.0892501810444139	0.0792255682283198	0.102413320998404	0.214675993075592	0.243792467346496	0.275227530249457	-0.388573911560405	0.90023261195186	0.366090806725233	0.287854809279117	0.697591368628038	0.367996474432734	0.714297317243475	0.773457880342909	0.997233545206974	0.930036363527287	0.985994236939106	0.993464214136497	FALSE	FALSE	FALSE	FALSE
ER4 sp000765235	-0.0437417818875674	0.652031846481407	0.0818703188902233	-0.711018220987482	0.181430689751732	0.380310033081044	0.431891428534386	0.487580328076684	-0.241093620640605	1.71447448072573	0.189562268387794	-1.45825862949019	0.809482556963796	0.086441619933814	0.849652156502696	0.144769268802519	0.997233545206974	0.630555319438495	0.985994236939106	0.993464214136497	FALSE	FALSE	FALSE	FALSE
CAG-41 sp001941225	0.00101801911723544	-0.426634646133255	0.17146825611441	0.682068499846139	0.170730073000391	0.357879693890586	0.406418865644063	0.458823284638327	0.00596274047884412	-1.19211750042373	0.421900336350478	1.48656034399777	0.995242449623748	0.23321517588821	0.673097764523038	0.137130968051583	0.997233545206974	0.845383629609388	0.985994236939106	0.993464214136497	FALSE	FALSE	FALSE	FALSE
PeH17 sp000435055	-0.00591217612773364	0.194524792095904	0.00622387467122433	-0.164400933271448	0.130088548045001	0.272688044553868	0.309672685078811	0.349602468146906	-0.0454473219709429	0.713360178346494	0.0200982358829626	-0.470251065854504	0.963750762451653	0.475622907996243	0.983965007423584	0.638175653986684	0.997233545206974	0.945993607281169	0.995678876559579	0.993464214136497	FALSE	FALSE	FALSE	FALSE
Anaerofustis stercorihominis	-0.0196170894702344	0.0052945833966996	0.184779726045245	0.086825469458822	0.0661108020830926	0.138579649130145	0.157375187143323	0.177667442113548	-0.296730471452733	0.0382060672684144	1.17413506791872	0.488696569421713	0.766672291365804	0.969523383448878	0.240340929146243	0.625056532901994	0.997233545206974	0.994589427260746	0.985994236939106	0.993464214136497	FALSE	FALSE	FALSE	FALSE
Eubacterium_O_258270 callanderi	0.0202352921302577	0.0131425700855395	0.0123939033356759	-0.111736706929737	0.0933775921452827	0.195735546209936	0.2222831303784	0.250944738596922	0.216703940049926	0.0671445240275544	0.0557572826807743	-0.445264194636945	0.828439077252969	0.946466648799931	0.955535165455064	0.656128840052473	0.997233545206974	0.993205742567829	0.985994236939106	0.993464214136497	FALSE	FALSE	FALSE	FALSE
CAG-238 sp900542245	-0.0330079660971216	0.185070155170052	0.112965033404792	-0.00789382587016704	0.0814942803236514	0.170826074068364	0.193995190088988	0.219009297660458	-0.405034144310886	1.0833835301746	0.582308424002538	-0.0360433367646577	0.68545241301935	0.278638222950043	0.560358952289963	0.971247803646147	0.997233545206974	0.845383629609388	0.985994236939106	0.993464214136497	FALSE	FALSE	FALSE	FALSE
Copromorpha sp900066305	0.107444831705597	-0.0603191246855885	-0.434212523215158	-0.287591914480912	0.143082372072292	0.299925341906539	0.340604173180136	0.38452232096159	0.750929902471218	-0.201113798194435	-1.27483030862782	-0.747919948474564	0.452694843203696	0.840609593022993	0.202369310495641	0.454508444287043	0.997233545206974	0.97434293736756	0.985994236939106	0.993464214136497	FALSE	FALSE	FALSE	FALSE
BX12 sp902363595	0.0593570979971158	-0.0243735466800892	-0.130812813426326	-0.258446964793551	0.112376227273944	0.235559963810745	0.267508928048846	0.302002036354638	0.528199775317413	-0.103470667450397	-0.489003542350707	-0.855778881206149	0.597360685328162	0.917589428499573	0.62483918897404	0.392120098809774	0.997233545206974	0.987235585760553	0.985994236939106	0.993464214136497	FALSE	FALSE	FALSE	FALSE
Emergencia timonensis	0.107005087110679	-0.221826406314046	-0.261901048367547	-0.216675406889465	0.0939949051419791	0.197029540773459	0.223752629239706	0.252603717427169	1.13841369326399	-1.12585354177473	-1.17049372450937	-0.857768084715287	0.25494777887383	0.26022751677957	0.241802338110584	0.391020536154195	0.997233545206974	0.845383629609388	0.985994236939106	0.993464214136497	FALSE	FALSE	FALSE	FALSE
Emergencia sp009935805	-0.0214186197932669	0.0876012059285479	0.147662563786354	0.00413544285157249	0.0912119275568608	0.191195939529323	0.217127817492252	0.245124689894182	-0.234822576026745	0.458175033131982	0.680072067650302	0.016870772394889	0.81434644448247	0.646826695539153	0.496458829811366	0.986539709698275	0.997233545206974	0.958858670897386	0.985994236939106	0.993464214136497	FALSE	FALSE	FALSE	FALSE
Intestinibacter bartlettii	0.00549186403152541	0.194937848271943	0.0162155660747719	-0.296955764231218	0.175626492348023	0.368143433760751	0.418074675086478	0.471982016246447	0.0312701344660616	0.529516026621919	0.0387862911605869	-0.629167540307641	0.975054107999001	0.596447529712696	0.969060774679895	0.529239377048959	0.997233545206974	0.954294831353126	0.992383059480919	0.993464214136497	FALSE	FALSE	FALSE	FALSE
Romboutsia_B ilealis	-0.0941188001623806	0.393401811383319	0.350176450620694	-0.0712434202043908	0.216257958926639	0.453313999004096	0.514796911925785	0.581175801662509	-0.435215428044932	0.867835125867718	0.680222515925226	-0.122584973429025	0.663406065061501	0.385484597712147	0.496363577639596	0.902435754156587	0.997233545206974	0.930036363527287	0.985994236939106	0.993464214136497	FALSE	FALSE	FALSE	FALSE
Clostridium_P perfringens	-0.116138064257574	0.434172430461459	0.100035993879505	0.416286741907334	0.14169121094972	0.297009228137306	0.337292547316997	0.380783687781727	-0.819656092139592	1.46181461493426	0.296585248251834	1.09323680416152	0.412412187302569	0.143792018046974	0.766783174586209	0.274289841620043	0.997233545206974	0.84522759324167	0.985994236939106	0.993464214136497	FALSE	FALSE	FALSE	FALSE
Clostridium_T saudiense	-0.124003480226463	0.529783110552446	0.309568956829561	0.0433361437061353	0.211215662403704	0.442744475402184	0.502793845347773	0.567625036925423	-0.587094152087315	1.1965888678141	0.615697585986634	0.0763464274600505	0.557140474877851	0.231466841591586	0.538094130852065	0.93914348982933	0.997233545206974	0.845383629609388	0.985994236939106	0.993464214136497	FALSE	FALSE	FALSE	FALSE
Clostridium_T disporicum_203972	-0.1096951483009	0.525352201191591	0.218118529189558	0.0247457104943525	0.146614300419785	0.307328873186243	0.349011844349592	0.394014093190262	-0.748188600885599	1.70941374868226	0.624960249117152	0.0628041253397585	0.454346405709663	0.087374335976837	0.531997147797915	0.949922480810527	0.997233545206974	0.630555319438495	0.985994236939106	0.993464214136497	FALSE	FALSE	FALSE	FALSE
Anaerotignum lactatifermentans	-0.00346855852208465	0.218936271447893	-0.440794649457518	0.361482914962875	0.137849541525664	0.288956426112751	0.328147544904324	0.370459511421561	-0.0251619155471685	0.757679191957004	-1.3432818751883	0.975769021493766	0.979925814321781	0.448643058740569	0.179180718713133	0.329178939512179	0.997233545206974	0.945487437841695	0.985994236939106	0.993464214136497	FALSE	FALSE	FALSE	FALSE
Anaerotignum faecicola	0.0171922533656466	-0.148158313960306	-0.0253996791703451	0.265986815439135	0.16585034614259	0.347650944359533	0.394802792275456	0.445709412748699	0.103661245004973	-0.426169744003583	-0.0643351051899948	0.596771815517175	0.917438182913338	0.669984162504005	0.948703401442502	0.550659737643723	0.997233545206974	0.958858670897386	0.985994236939106	0.993464214136497	FALSE	FALSE	FALSE	FALSE
CAG-274 sp900545305	-0.12374645296307	0.166773040142875	0.948295386742399	-0.145450861440913	0.169033437450604	0.354323253009779	0.402380065194687	0.454263713602556	-0.732082686298276	0.470680483784878	2.35671562477524	-0.320190358783907	0.464118100741656	0.637868923257179	0.0184373601062745	0.74882403136921	0.997233545206974	0.958858670897386	0.661619484544201	0.993464214136497	FALSE	FALSE	FALSE	FALSE
Anaerostipes caccae	0.0205459513421572	-0.0169929479622842	-0.0133504500934677	-0.025389856637936	0.0814308531558067	0.17069311977968	0.193844203229125	0.218838842268655	0.252311630615553	-0.0995526239383146	-0.0688720625691722	-0.116020795827308	0.800800198965785	0.920699507513765	0.945091456540142	0.907636060407267	0.997233545206974	0.987235585760553	0.985994236939106	0.993464214136497	FALSE	FALSE	FALSE	FALSE
CAG-127 sp900319515	0.0381841323414353	0.497440751728946	-0.408554955901577	-0.62482006759799	0.223166607347147	0.467795718237728	0.531242784670126	0.599742236415347	0.171101460004892	1.06337175039331	-0.769055068023686	-1.04181434899855	0.864143987884442	0.287613398514526	0.441860620305174	0.297497760225301	0.997233545206974	0.845383629609388	0.985994236939106	0.993464214136497	FALSE	FALSE	FALSE	FALSE
Coprococcus_A_121497 sp000154245	-0.0234349669546719	0.211038165628411	0.0784590905262526	-0.108946745630114	0.157652367792739	0.330466567109489	0.375287700394054	0.423678007924875	-0.148649635161085	0.638606705284323	0.209063847399928	-0.257145151724355	0.881830104878323	0.523078818143705	0.834398396649948	0.79706672308771	0.997233545206974	0.945993607281169	0.985994236939106	0.993464214136497	FALSE	FALSE	FALSE	FALSE
Coprococcus_A_121497 eutactus	0.070726880403752	0.0214943247174595	0.0301569146554219	-0.675283772578105	0.211582398184539	0.443513216882097	0.503666851124779	0.568610609722296	0.334275823559128	0.0484637749209929	0.0598747258988278	-1.187603187545	0.7381714321918	0.961346633925868	0.952255409581836	0.23498978143356	0.997233545206974	0.994589427260746	0.985994236939106	0.993464214136497	FALSE	FALSE	FALSE	FALSE
Eubacterium_F sp003491505	-0.00237103789594052	0.0608486175044513	0.112108327660532	-0.0972957088031583	0.148646759435847	0.311589258001469	0.353850064548643	0.39947616267371	-0.0159508212956624	0.195284708769275	0.316824380980494	-0.243558234243451	0.987273625617502	0.845170067251227	0.751376863167722	0.807572978489982	0.997233545206974	0.975196231443724	0.985994236939106	0.993464214136497	FALSE	FALSE	FALSE	FALSE
Butyribacter sp003529475	0.0135895891814493	0.119155720918019	-0.0784249373901639	-0.115960892964431	0.169474792641808	0.355248409650021	0.403430700697872	0.455449820039237	0.0801864924547888	0.335415212795485	-0.194395065260281	-0.254607396605055	0.93608893302615	0.73731189381064	0.845866553573783	0.799026345762176	0.997233545206974	0.960620788038167	0.985994236939106	0.993464214136497	FALSE	FALSE	FALSE	FALSE
Butyribacter intestini	-0.0246826761970721	-0.0788191062087322	0.0646860588037205	0.453784607719629	0.179675942626025	0.376631780309477	0.427714294864909	0.482864586873171	-0.13737329458984	-0.209273646913085	0.151236607193948	0.939776119549682	0.890735738734494	0.834234623008614	0.879789074031125	0.34733241057859	0.997233545206974	0.971369081585372	0.985994236939106	0.993464214136497	FALSE	FALSE	FALSE	FALSE
Anaerobutyricum soehngenii	-0.00826185222150139	0.278087433779782	-0.279118435798343	0.0872678281305646	0.179666250948572	0.376611464881158	0.42769122405795	0.482838541272627	-0.0459844415847819	0.73839343650235	-0.652616701250161	0.180739151229624	0.963322650607859	0.460275401903003	0.514003415799893	0.856572326594829	0.997233545206974	0.945993607281169	0.985994236939106	0.993464214136497	FALSE	FALSE	FALSE	FALSE
Anaerobutyricum hallii	0.0744017423176498	0.520399501413864	-0.448364470754934	-0.990092481413202	0.213710054292056	0.447973151228057	0.508731685728908	0.57432851370181	0.348143387844414	1.16167564950547	-0.881337811920483	-1.72391315735241	0.727732501234528	0.245367240441942	0.37813500610458	0.0847235217097706	0.997233545206974	0.845383629609388	0.985994236939106	0.993464214136497	FALSE	FALSE	FALSE	FALSE
Paralachnospira sp902363445	0.0245968360911333	-0.0989191177782671	0.101099295135843	-0.0698757305065218	0.0589943804292699	0.123662401346502	0.140434715173953	0.158542633573985	0.416935238783009	-0.799912638774466	0.719902447273192	-0.440737793559573	0.676725777499369	0.42376141455366	0.471585061127644	0.659402832527063	0.997233545206974	0.930036363527287	0.985994236939106	0.993464214136497	FALSE	FALSE	FALSE	FALSE
Lachnospira eligens	-0.15474827004379	0.24172250967968	0.388413509011075	0.785725381055303	0.216432185331259	0.453679207612382	0.515211653725436	0.581644021056044	-0.714996569511789	0.532804910658822	0.753891155610519	1.35086986646699	0.474611163033517	0.594168634178401	0.45091458177542	0.176737122520997	0.997233545206974	0.954294831353126	0.985994236939106	0.993464214136497	FALSE	FALSE	FALSE	FALSE
Lachnospira rogosae_A	-0.131630382259345	0.749843983319487	0.381032302490159	-0.376158212794849	0.206530345654873	0.4329232430066	0.491640560605497	0.555033626504926	-0.637341606348296	1.73204833751108	0.77502210562303	-0.677721483585664	0.523902355329564	0.0832649564140917	0.438326597425545	0.497948302180684	0.997233545206974	0.630555319438495	0.985994236939106	0.993464214136497	FALSE	FALSE	FALSE	FALSE
Lachnospira pectinoschiza_B_179241	0.0291266576385856	-0.270648300633321	0.242606296390945	0.00922529031129698	0.154914524000365	0.324727574083152	0.368770328563464	0.416320273815309	0.188017604072533	-0.833462638328387	0.657879112281111	0.0221591185717503	0.850862851226244	0.404583860627958	0.510615813544415	0.982321028229817	0.997233545206974	0.930036363527287	0.985994236939106	0.993464214136497	FALSE	FALSE	FALSE	FALSE
Lachnospira sp000437735	-0.0282644880944305	0.0153037394700849	0.398089907308059	-0.126101361541431	0.180645200640443	0.378663512361159	0.430021590444496	0.485469389518786	-0.156464096440006	0.0404151415980332	0.925744000194432	-0.259751416389872	0.87566721754437	0.967762158862292	0.354579035685567	0.795055528919738	0.997233545206974	0.994589427260746	0.985994236939106	0.993464214136497	FALSE	FALSE	FALSE	FALSE
Butyrivibrio_A_180067 crossotus	-0.0379011141020471	-0.0946991622069786	0.596206765711405	-0.088471349481038	0.118048851317185	0.247450762663429	0.281012474251126	0.317246755403241	-0.321062964011489	-0.382699011260612	2.12163807781219	-0.278872354009059	0.748162676116814	0.70194294764907	0.0338681422168326	0.780342785494974	0.997233545206974	0.960225392441361	0.719698022107692	0.993464214136497	FALSE	FALSE	FALSE	FALSE
Coprococcus_A_187866 catus	0.0336105554250281	0.59686617435319	-0.616822025953071	-0.481896199931105	0.206691768350855	0.433261612832195	0.492024823482196	0.555467436965403	0.162611968987439	1.37761148616774	-1.25364005333644	-0.867550765106541	0.870823962544237	0.168323272705688	0.209972865974644	0.385640309508695	0.997233545206974	0.84522759324167	0.985994236939106	0.993464214136497	FALSE	FALSE	FALSE	FALSE
Catenibacillus scindens	0.036481057638757	-0.0181057502611468	-0.031954677951893	-0.164092130693464	0.0808357131860134	0.169445603706685	0.192427486729378	0.217239451657725	0.45129876636097	-0.106852877059521	-0.166060880880457	-0.755351431065114	0.651774233864191	0.914905697733885	0.868109039189184	0.45003814696619	0.997233545206974	0.987235585760553	0.985994236939106	0.993464214136497	FALSE	FALSE	FALSE	FALSE
Frisingicoccus caecimuris	-0.0578983968265832	0.157172412282291	0.249033389034896	0.120411481162218	0.0842829146834129	0.176671532888275	0.200633467653526	0.226503527318511	-0.686952949409304	0.889630659296337	1.24123553237365	0.531609739537938	0.492112378472663	0.373664237933485	0.214518752160762	0.594996317763506	0.997233545206974	0.930036363527287	0.985994236939106	0.993464214136497	FALSE	FALSE	FALSE	FALSE
Eubacterium_G sp000434315	-0.0582507867881183	0.0350019885830884	0.0988897604777801	0.54824303617619	0.133939352380131	0.280759994928337	0.318839432929361	0.359951193842933	-0.434904199199037	0.124668717820794	0.310155364313702	1.5231038139449	0.663631966457651	0.900785823708431	0.756442811988235	0.12773273481946	0.997233545206974	0.987235585760553	0.985994236939106	0.993464214136497	FALSE	FALSE	FALSE	FALSE
Eubacterium_G sp000435815	0.0551634146603054	-0.196078860488906	0.0142825769656579	-0.0935466997787275	0.116504350301897	0.244213222019	0.277335826431628	0.313096033643986	0.473488024415919	-0.802900264235696	0.0514992136047704	-0.298779574720187	0.63586504285782	0.422032383311881	0.958927728474111	0.76510823649058	0.997233545206974	0.930036363527287	0.985994236939106	0.993464214136497	FALSE	FALSE	FALSE	FALSE
Eubacterium_G ventriosum	-0.0746386239260523	0.103272528043911	0.257056739379135	0.382442494451412	0.153150830343845	0.321030567839205	0.364571897890827	0.411580489532675	-0.487353700652344	0.321690637558346	0.705092029490744	0.929204625043458	0.626007698141718	0.747687071291712	0.480752966400423	0.352783051001063	0.997233545206974	0.960620788038167	0.985994236939106	0.993464214136497	FALSE	FALSE	FALSE	FALSE
CAG-95 sp900066375	0.0136871751614498	-0.0644458362478279	0.00982563040767806	0.101960728205826	0.068528881138273	0.143648360089281	0.163131366645699	0.184165834313091	0.199728566030908	-0.448636073588122	0.0602313988395506	0.553635415527119	0.841692871422435	0.653694206634094	0.951971338445637	0.579828383406016	0.997233545206974	0.958858670897386	0.985994236939106	0.993464214136497	FALSE	FALSE	FALSE	FALSE
Acetatifactor sp900066565	0.0869098546048242	-0.147215396366264	-0.222568447472002	-0.197138588621412	0.18650037471423	0.39093696757838	0.443959692639367	0.501204697033463	0.466003646040893	-0.376570671426074	-0.501325798630094	-0.393329491499657	0.641212890759009	0.706492686739602	0.616141851621115	0.694076138880159	0.997233545206974	0.960225392441361	0.985994236939106	0.993464214136497	FALSE	FALSE	FALSE	FALSE
Eisenbergiella porci	0.0315644676069808	-0.039261910896016	-0.0393860050211017	-0.0643194925515827	0.069428943428885	0.145535045963574	0.165273943455578	0.18658467903857	0.454629813563442	-0.269776332127198	-0.238307407674869	-0.344720117873595	0.649375582409226	0.787332332156772	0.811642676342469	0.730304792292585	0.997233545206974	0.960620788038167	0.985994236939106	0.993464214136497	FALSE	FALSE	FALSE	FALSE
Eisenbergiella tayi	0.0447754140763169	-0.0198515554510673	-0.0198545397390646	-0.263194152897031	0.103014026357392	0.215935175164693	0.245222432122447	0.276841877394438	0.434653567670243	-0.0919329397627163	-0.0809654303124706	-0.950702095268763	0.663813906310619	0.926751320124881	0.935469444828026	0.341755624270283	0.997233545206974	0.988793249505626	0.985994236939106	0.993464214136497	FALSE	FALSE	FALSE	FALSE
Eubacterium_I ramulus	0.129891877513114	-0.166540246317421	-0.163088030442539	-0.687552379964147	0.157049705170054	0.329203282257935	0.373853076398565	0.422058400791756	0.827074952942238	-0.505888778432455	-0.436235625004383	-1.6290455981313	0.408194579770942	0.612934730380929	0.662665783035265	0.103303366442547	0.997233545206974	0.958858670897386	0.985994236939106	0.993464214136497	FALSE	FALSE	FALSE	FALSE
Eubacterium_I sp900066595	0.0396756500038399	-0.0805717401761991	-0.0883762713033505	-0.00753062317339646	0.0967049937788135	0.202710354204403	0.230203930584693	0.259886861797467	0.410275089770309	-0.397472247988649	-0.383904267311529	-0.0289765443366858	0.681604163160165	0.691019247517516	0.701049403418367	0.976883297645395	0.997233545206974	0.960225392441361	0.985994236939106	0.993464214136497	FALSE	FALSE	FALSE	FALSE
AM51-8 sp003478275	0.0261917024932719	0.098676672543424	0.126765822067431	-0.482925605182847	0.117787417255834	0.246902751758232	0.28039013670515	0.316544172474306	0.222364180346902	0.399658050956226	0.452105140205893	-1.52561837233647	0.824030393740776	0.689408393244488	0.651193240833791	0.127104933904236	0.997233545206974	0.960225392441361	0.985994236939106	0.993464214136497	FALSE	FALSE	FALSE	FALSE
Roseburia hominis	-0.00863881019778566	-0.00338720296257921	-0.148320545852687	0.432823650095414	0.13618036812968	0.285457550645137	0.324174117456909	0.365973742706554	-0.0634365313916556	-0.0118658727188126	-0.45753358416223	1.18266312466701	0.949418897975097	0.99053262552377	0.647287568753657	0.236942684112954	0.997233545206974	0.994589427260746	0.985994236939106	0.993464214136497	FALSE	FALSE	FALSE	FALSE
Roseburia intestinalis	-0.153713737636101	0.616751237377644	-0.439005613798598	1.19065056845317	0.217620696845426	0.456170532833537	0.51804087703041	0.584838049777388	-0.706337861537512	1.35201902136609	-0.847434311197855	2.03586372142917	0.479978053436007	0.176369230405351	0.396753086649571	0.0417640416408037	0.997233545206974	0.845383629609388	0.985994236939106	0.993464214136497	FALSE	FALSE	FALSE	FALSE
Agathobacter faecis	-0.0910822575839366	0.39083369625525	0.382022768198595	-0.140543269360634	0.231522326250233	0.485310746906786	0.551133374175263	0.62219755623835	-0.393405936520754	0.805326687583775	0.69315847324664	-0.225882065835043	0.694019685714279	0.420631185263591	0.488210105482298	0.82129314675394	0.997233545206974	0.930036363527287	0.985994236939106	0.993464214136497	FALSE	FALSE	FALSE	FALSE
Agathobacter rectalis	-0.0745569730435034	0.950737203694395	-0.366873745218538	-0.340183693390722	0.263357937094421	0.552043680733339	0.626917286282832	0.707753189638472	-0.283101295013458	1.72221372488392	-0.585202790297641	-0.480652999337935	0.777099188909489	0.0850308094906387	0.558411368925888	0.630763140815319	0.997233545206974	0.630555319438495	0.985994236939106	0.993464214136497	FALSE	FALSE	FALSE	FALSE
Roseburia inulinivorans	-0.176276922331107	0.735958867444125	0.14845210466904	0.423232707483655	0.192908602204513	0.404369718190503	0.459214325297926	0.518426290945594	-0.913784664429973	1.82001478928105	0.323274115137259	0.81637971467784	0.360830006142391	0.0687567527135414	0.746487655569675	0.414282994948591	0.997233545206974	0.630555319438495	0.985994236939106	0.993464214136497	FALSE	FALSE	FALSE	FALSE
RUG115 sp900066395	-0.0836558976833663	0.285739670776383	0.114240819249162	0.332020081427274	0.16094979511158	0.33737854376805	0.383137147459329	0.432539577575134	-0.519763927784878	0.846940850431884	0.298172129762722	0.767606246088777	0.603228123990888	0.397028091462778	0.765571792066297	0.442721150460286	0.997233545206974	0.930036363527287	0.985994236939106	0.993464214136497	FALSE	FALSE	FALSE	FALSE
Eubacterium_J plexicaudatum	-0.0083577456719385	0.138545258768581	0.0525637544476709	-0.098151544941823	0.144114370623566	0.302088588949868	0.343060821110898	0.387295733733671	-0.0579938394469304	0.458624601644827	0.153219928400624	-0.253427901194797	0.953753535678609	0.646503766790388	0.878224842637471	0.799937569185419	0.997233545206974	0.958858670897386	0.985994236939106	0.993464214136497	FALSE	FALSE	FALSE	FALSE
Oliverpabstia faecicola	0.054699181343623	-0.126898015250581	-0.0509336835217656	-0.128600367053556	0.196476160015286	0.411847934973396	0.467706811554699	0.528013814479728	0.278401111561664	-0.308118614844526	-0.108900880345226	-0.243554928918424	0.780704466324413	0.757992077246235	0.913281108384669	0.80757553868531	0.997233545206974	0.960620788038167	0.985994236939106	0.993464214136497	FALSE	FALSE	FALSE	FALSE
Scatomonas sp003481995	0.0757833484033716	-0.105484619914188	-0.23789992240426	-0.137611008892117	0.0786914214913995	0.164950798299563	0.187323051507043	0.211476840881221	0.963044598344868	-0.639491418056796	-1.26999811550324	-0.650714320862244	0.33552514255851	0.522503294783836	0.204085301422658	0.515230916964222	0.997233545206974	0.945993607281169	0.985994236939106	0.993464214136497	FALSE	FALSE	FALSE	FALSE
Lactonifactor longoviformis	0.0294156124418968	-0.0476396930047297	-0.0455777137914502	-0.0183803961101045	0.0795214377675649	0.166690655640557	0.18929888545063	0.21370744259913	0.369907955234366	-0.285797022164562	-0.240771168213439	-0.0860072811997579	0.711451073812144	0.775033589015058	0.809732476758855	0.931460629116277	0.997233545206974	0.960620788038167	0.985994236939106	0.993464214136497	FALSE	FALSE	FALSE	FALSE
Blautia_A_141781 hydrogenotrophica	0.0174598431620077	0.0799388493316526	-0.131887083524318	-0.0129880721196882	0.120088266149724	0.251725728070273	0.285867252605352	0.322727518081783	0.145391749933662	0.317563285820894	-0.461357788701988	-0.0402446999155396	0.884401578052719	0.750816227193549	0.644541930729261	0.967898041097762	0.997233545206974	0.960620788038167	0.985994236939106	0.993464214136497	FALSE	FALSE	FALSE	FALSE
Ventrimonas sp003611875	-0.0557136851423277	0.327378472858032	0.14372876103975	-0.0739235195084334	0.086025466202017	0.180324221562901	0.204781569971246	0.231186493812736	-0.64764176937435	1.8154991604599	0.701863751996487	-0.319757085672628	0.517216674899456	0.069447234865955	0.482764136251257	0.749152481599352	0.997233545206974	0.630555319438495	0.985994236939106	0.993464214136497	FALSE	FALSE	FALSE	FALSE
Ventrimonas sp003481825	0.0527779547399522	-0.200656039721957	-0.0763388325353097	0.0604556195446064	0.148614141312443	0.311520884786287	0.353772417884054	0.399388504100992	0.355134136454708	-0.644117455751366	-0.215785145127761	0.15137045489251	0.722489104074874	0.519499271852273	0.829155228015458	0.879683494465729	0.997233545206974	0.945993607281169	0.985994236939106	0.993464214136497	FALSE	FALSE	FALSE	FALSE
UBA3402 sp003478355	0.0548897996651812	0.0431101152093727	-0.0735418760890229	-0.412117995369984	0.129505113971547	0.271465066059549	0.30828383418603	0.348034536187132	0.423842719270843	0.158805388240695	-0.238552489407034	-1.18412959784082	0.671680520888869	0.873822203485856	0.811452609468138	0.236361765419346	0.997233545206974	0.977301148635497	0.985994236939106	0.993464214136497	FALSE	FALSE	FALSE	FALSE
Hungatella_A_128155 effluvii	0.0466898747736246	0.0569881087569839	-0.125745303773595	-0.282768304698888	0.0986496475131357	0.206786683997577	0.234833132405346	0.265112961676566	0.473289828708284	0.275588870885185	-0.535466620427929	-1.06659554821715	0.636006417736051	0.782863858517242	0.592327233325579	0.286154511637745	0.997233545206974	0.960620788038167	0.985994236939106	0.993464214136497	FALSE	FALSE	FALSE	FALSE
Clostridium_Q_135853 saccharolyticum_A	-0.106432847120979	0.104855575987352	0.430117097285875	0.479099748093415	0.156902316630971	0.328894330446911	0.37350222149755	0.421662305994681	-0.678338277001387	0.318812354852306	1.15157841782394	1.13621668639136	0.49755723454481	0.749868808973092	0.249494354263485	0.255865888669361	0.997233545206974	0.960620788038167	0.985994236939106	0.993464214136497	FALSE	FALSE	FALSE	FALSE
Clostridium_Q_134516 symbiosum	0.115231892863835	-0.341318647145252	-0.209076228326278	-0.153506762967287	0.0905911844413552	0.18989475484488	0.215650153314954	0.24345649289662	1.27199896518	-1.79740955680458	-0.969515788013027	-0.63053057711002	0.203373486944591	0.0722706246676667	0.332287906841334	0.528347503719984	0.997233545206974	0.630555319438495	0.985994236939106	0.993464214136497	FALSE	FALSE	FALSE	FALSE
Clostridium_Q_135822 fessum	0.0260781838019455	-0.220102136224459	0.173627997657545	0.0401986431757916	0.172400258264343	0.361380690408066	0.410394701819036	0.463311772666789	0.151265340693165	-0.609058928898283	0.423075631551662	0.0867636989762016	0.879766408759221	0.542485379566649	0.672240080995987	0.930859342791436	0.997233545206974	0.949707967576719	0.985994236939106	0.993464214136497	FALSE	FALSE	FALSE	FALSE
Enterocloster sp000431375	0.139216378779565	-0.567597007338702	0.00520961450051902	-0.273549718950663	0.161217463276579	0.337939622430236	0.383774325140308	0.433258914154212	0.863531629577436	-1.67958111350461	0.0135746822005729	-0.631377012714612	0.387845236798858	0.0930388448666427	0.989169303287731	0.527794042653068	0.997233545206974	0.641213660567402	0.996988823471823	0.993464214136497	FALSE	FALSE	FALSE	FALSE
Enterocloster aldenensis	0.070309292058986	-0.190526545725479	-0.190350571411565	0.0117694169049951	0.0807715224002358	0.169311048743046	0.192274682095243	0.21706694410439	0.870471299409119	-1.12530485836533	-0.989992906696237	0.0542202174244228	0.384042897135779	0.260459871690285	0.322177586103827	0.956759713200602	0.997233545206974	0.845383629609388	0.985994236939106	0.993464214136497	FALSE	FALSE	FALSE	FALSE
Enterocloster sp000155435	0.0184889799787487	-0.0165185511590654	0.011594930281622	-0.0381504443352124	0.0798855825037198	0.167453965843715	0.19016572330759	0.214686052172653	0.231443264219645	-0.0986453266474571	0.0609727667002711	-0.177703413655077	0.816970457414851	0.921419880043183	0.951380897715273	0.858955904212148	0.997233545206974	0.987235585760553	0.985994236939106	0.993464214136497	FALSE	FALSE	FALSE	FALSE
Enterocloster citroniae	0.0125516597913521	-0.0879350314938364	-0.0634854827032754	0.254569146649685	0.0689833100823813	0.144600921571593	0.164213123905768	0.185387075404987	0.181952124019022	-0.608122206540011	-0.386604195774911	1.37317634518785	0.855620298120709	0.543106425045366	0.699049251263986	0.169697531558745	0.997233545206974	0.949707967576719	0.985994236939106	0.993464214136497	FALSE	FALSE	FALSE	FALSE
Enterocloster bolteae	0.0597353737708287	-0.268879846158097	-0.331355940727258	0.453275555668244	0.140347667537351	0.294192929305488	0.334094274276973	0.377173023352879	0.425624271631954	-0.913957540695662	-0.991803710028731	1.20177087862449	0.670381651266312	0.360739156617751	0.321293287518313	0.229452311180615	0.997233545206974	0.930036363527287	0.985994236939106	0.993464214136497	FALSE	FALSE	FALSE	FALSE
Enterocloster lavalensis	0.0317213149742594	-0.121780196433504	0.0770934724864981	-0.0699714089474935	0.0822696207427723	0.172451321378223	0.195840869459291	0.221092962427666	0.385577503431559	-0.70617143122037	0.393653646960158	-0.316479584782739	0.699809596915607	0.480081534386253	0.693836768022922	0.751638518448471	0.997233545206974	0.945993607281169	0.985994236939106	0.993464214136497	FALSE	FALSE	FALSE	FALSE
Copromonas sp000435795	-0.0428788335467211	0.396910695976572	-0.387855254096842	0.374039577824231	0.14217316628539	0.298019489686238	0.338439830495478	0.382078903828175	-0.301595826181775	1.33182798344648	-1.14600947982103	0.97895899008452	0.762960190149095	0.182916720237608	0.251791229632531	0.327600243023984	0.997233545206974	0.845383629609388	0.985994236939106	0.993464214136497	FALSE	FALSE	FALSE	FALSE
Copromonas sp900066535	0.0366626226154375	-0.220933286471683	-0.0116458970132504	0.178793719405483	0.152576958016613	0.319827632414924	0.36320580850681	0.410038253993754	0.240289379812157	-0.69078861261449	-0.0320641816305977	0.436041558718096	0.810105927551038	0.489698392761499	0.974420867631648	0.662806577339921	0.997233545206974	0.945993607281169	0.992383059480919	0.993464214136497	FALSE	FALSE	FALSE	FALSE
Blautia_A_141780 coccoides	-0.0473463739406849	0.0968885651032751	0.199425388154429	0.187452075516425	0.0819706114348732	0.171824546272345	0.195129084935348	0.220289399057859	-0.577601814990757	0.563880814500769	1.02201774902242	0.850935525350408	0.563532981288015	0.572835247746725	0.306772499936548	0.394805169250724	0.997233545206974	0.951961580616053	0.985994236939106	0.993464214136497	FALSE	FALSE	FALSE	FALSE
Blautia_A_141780 sp001304935	0.0690748881661677	-0.236126373113505	-0.10794163815322	-0.00168539234158251	0.102766653465696	0.215416638897466	0.244633566855379	0.276177082723507	0.672152744462239	-1.09613804357005	-0.441238050610741	-0.00610257855200037	0.501486461228884	0.273018368116564	0.6590406691116	0.995130877014503	0.997233545206974	0.845383629609388	0.985994236939106	0.995130877014503	FALSE	FALSE	FALSE	FALSE
Blautia_A_141780 stercoris	-0.0157649894476888	-0.00695497562175081	0.183864350448504	0.0704844559985248	0.213800435773517	0.448162606409269	0.50894683668928	0.57457140663488	-0.0737369378628816	-0.0155188664165332	0.361264354533665	0.122673100653119	0.941219706613299	0.98761823308133	0.717901837828056	0.902365965519404	0.997233545206974	0.994589427260746	0.985994236939106	0.993464214136497	FALSE	FALSE	FALSE	FALSE
Fusicatenibacter saccharivorans	-0.0480887997518603	0.381913437346149	-0.320353220564066	0.365657600623026	0.198458203123604	0.416002639346311	0.472425017888146	0.533340395282228	-0.242311978013374	0.91805532278899	-0.678103843856794	0.685598923047131	0.80853843318208	0.358589903235508	0.497705853724361	0.492966060848834	0.997233545206974	0.930036363527287	0.985994236939106	0.993464214136497	FALSE	FALSE	FALSE	FALSE
UMGS1375 sp900066615	-0.145071689525474	0.649630064954578	0.0639493707966416	0.369984794174738	0.219672468678768	0.460471400646368	0.522925070930247	0.590352020897755	-0.660399959985957	1.41079351300143	0.122291652000697	0.626718942389826	0.508997197858072	0.158305507814616	0.902668043114834	0.530843484860183	0.997233545206974	0.84522759324167	0.985994236939106	0.993464214136497	FALSE	FALSE	FALSE	FALSE
Marvinbryantia sp900066075	-0.130045353024868	0.335171175385634	0.632501089893956	0.0323168592761903	0.10934957705144	0.229215582670927	0.260304059401431	0.293868158285381	-1.18926251505931	1.46225300863084	2.429854883356	0.109970605406002	0.234336381066427	0.143671890438663	0.0151048692917076	0.912432686980507	0.997233545206974	0.84522759324167	0.661619484544201	0.993464214136497	FALSE	FALSE	FALSE	FALSE
Limivivens sp900066135	-0.0309302764390729	0.463130335442097	-0.245611732167585	-0.0611533559421401	0.153077502649036	0.320876860337586	0.364397343062723	0.411383427274127	-0.20205631724988	1.4433273092826	-0.674021742593521	-0.148652940025681	0.839872697235528	0.148928290277185	0.500297490644424	0.881827496951597	0.997233545206974	0.84522759324167	0.985994236939106	0.993464214136497	FALSE	FALSE	FALSE	FALSE
Schaedlerella sp900066545	0.0129212078762367	0.0367187763627399	0.117288137482341	-0.218833521994497	0.14702120003989	0.308181805003866	0.349980459187785	0.395107603061917	0.0878866984675065	0.119146477068233	0.335127674712288	-0.55385803841442	0.929966728777856	0.905159309590483	0.737528777342206	0.579676004506549	0.997233545206974	0.987235585760553	0.985994236939106	0.993464214136497	FALSE	FALSE	FALSE	FALSE
Mediterraneibacter_A_155507 lactaris	-0.0223130823685615	0.524589555113943	0.0546923678758446	-0.663757130464301	0.228863594098076	0.47973758552971	0.54480432571683	0.615052428273556	-0.0974951147494416	1.09349271547008	0.100389011786723	-1.07918788700251	0.922333213615335	0.274177525619448	0.920035493021266	0.280503978378482	0.997233545206974	0.845383629609388	0.985994236939106	0.993464214136497	FALSE	FALSE	FALSE	FALSE
Lachnoclostridium_B sp900066555	-0.149665680111363	0.433036006350313	0.402851864061603	0.362930368349335	0.156513690688265	0.328079703410388	0.372577106712446	0.420617905155423	-0.956246571486569	1.31991099067972	1.08125769620226	0.862850496616942	0.338947676081219	0.186864737638016	0.279582499601983	0.388219671253565	0.997233545206974	0.845383629609388	0.985994236939106	0.993464214136497	FALSE	FALSE	FALSE	FALSE
Schaedlerella glycyrrhizinilytica_A	-0.0176561275777148	0.141397123245242	0.0254521104684213	0.0293687519555304	0.142936977881542	0.299620570593762	0.340258065777749	0.384131585814614	-0.123523862330062	0.471920612677006	0.074802372164915	0.0764549259682697	0.901692279579126	0.636983454572009	0.940371954393175	0.939057172831663	0.997233545206974	0.958858670897386	0.985994236939106	0.993464214136497	FALSE	FALSE	FALSE	FALSE
Mediterraneibacter_A_155507 faecis	-0.198102810551088	1.18599139103499	0.448375434139758	-0.57497796410852	0.266657697367916	0.558960547667427	0.634772286891005	0.716621028915978	-0.742910527265821	2.1217801434899	0.706356347621627	-0.80234592749571	0.457535851735042	0.0338562048524516	0.4799665601416	0.422352882281614	0.997233545206974	0.562012670254427	0.985994236939106	0.993464214136497	FALSE	FALSE	FALSE	FALSE
Mediterraneibacter_A_155507 torques	-0.0201308300982627	0.597492000941496	-0.631576264348933	0.0949420521212292	0.207259677217174	0.434452047813357	0.49337671698978	0.556993646184672	-0.0971285412027776	1.375277211717	-1.28010958482667	0.170454461682945	0.922624315411237	0.169045518648334	0.200506598191501	0.864652744517881	0.997233545206974	0.84522759324167	0.985994236939106	0.993464214136497	FALSE	FALSE	FALSE	FALSE
Sellimonas intestinalis	-0.00693362362649755	-0.00545959628585175	0.11426741698213	0.0687907602510542	0.151747103773646	0.318088114723473	0.361230360279385	0.40780808772698	-0.0456919667925928	-0.0171637858603991	0.316328386389651	0.16868414904294	0.963555766694571	0.98630595262792	0.751753267288638	0.866045087336905	0.997233545206974	0.994589427260746	0.985994236939106	0.993464214136497	FALSE	FALSE	FALSE	FALSE
Mediterraneibacter_A_155507 massiliensis	0.000276591726083009	0.011381533488438	-0.0171133916100768	0.138183640958212	0.0797727930588106	0.167217539704436	0.189897230724819	0.214382939647271	0.00346724384940488	0.0680642324277425	-0.0901192268299894	0.644564540376063	0.997233545206974	0.945734502688533	0.928192470585645	0.519209420308094	0.997233545206974	0.993205742567829	0.985994236939106	0.993464214136497	FALSE	FALSE	FALSE	FALSE
Mediterraneibacter_A_155590 butyricigenes	0.0221621219381041	-0.00136912434282598	0.000251214722080222	-0.0889593031077874	0.0963184209282913	0.201900030803375	0.229283703136552	0.258847978477666	0.230092247407209	-0.00678119927658322	0.00109565014278668	-0.343673934140702	0.818020088967271	0.994589427260746	0.999125797841935	0.731091515981677	0.997233545206974	0.994589427260746	0.999125797841935	0.993464214136497	FALSE	FALSE	FALSE	FALSE
Faecalimonas phoceensis	-0.197473275686617	0.439640086817121	0.554623909144489	0.645127959192595	0.192861229784141	0.4042704174229	0.4591015563814	0.518298981391192	-1.02391380531815	1.08749012509916	1.20806366573006	1.24470234817166	0.305875988958973	0.276820260358611	0.227022774312171	0.213241182510663	0.997233545206974	0.845383629609388	0.985994236939106	0.993464214136497	FALSE	FALSE	FALSE	FALSE
CAG-317 sp000433215	-0.0781940083515437	0.320168334274873	0.302464540758792	-0.0388070583911763	0.123768524506869	0.259440184645772	0.294628019824052	0.33261791523366	-0.631776202092514	1.23407379898383	1.02659801650712	-0.116671582058094	0.527533126246812	0.217175405781071	0.304609788411238	0.907120310676535	0.997233545206974	0.845383629609388	0.985994236939106	0.993464214136497	FALSE	FALSE	FALSE	FALSE
Dorea_A longicatena	0.0214009014036219	0.314635844016174	0.20991914959749	-0.939950756047156	0.213631125816469	0.447807703523468	0.508543798375783	0.57411639979719	0.100176888184391	0.702613736969098	0.412784799004418	-1.63721286550811	0.920203894257884	0.482296499333452	0.679764289538759	0.101585999759511	0.997233545206974	0.945993607281169	0.985994236939106	0.993464214136497	FALSE	FALSE	FALSE	FALSE
Dorea_A formicigenerans	-0.159115139553187	0.944047825316491	0.318902112340698	-0.36382224659294	0.186593174386692	0.391131491705209	0.444180600045726	0.501454088659578	-0.85273826374506	2.41363287113687	0.717955967252665	-0.725534510179113	0.393804466602023	0.0157943678885004	0.472784437332399	0.468124181430638	0.997233545206974	0.562012670254427	0.985994236939106	0.993464214136497	FALSE	FALSE	FALSE	FALSE
Ruminococcus_B gnavus	-0.0814305546000337	0.0929874582668992	0.255964131490303	0.473315879340741	0.0997874101360719	0.209171630785573	0.23754154918547	0.26817060685073	-0.816040365102105	0.44455100300969	1.07755519978717	1.76498045367141	0.414477049634228	0.656644262778313	0.281232304274481	0.0775670508255207	0.997233545206974	0.958858670897386	0.985994236939106	0.993464214136497	FALSE	FALSE	FALSE	FALSE
Mediterraneibacter gnavus	0.0237581979695286	-0.270221293518078	-0.0159871027726505	0.40900597382446	0.231100823077068	0.484427203521984	0.550129995927409	0.621064800497088	0.102804471456191	-0.557816100238507	-0.0290605909348743	0.658556037143145	0.918118156362556	0.576969967407599	0.976816266391022	0.510180901537009	0.997233545206974	0.951961580616053	0.992383059480919	0.993464214136497	FALSE	FALSE	FALSE	FALSE
Faecalimonas umbilicata	-0.0264407654276639	-0.070927516327665	0.16966631392279	0.317607613118951	0.195034079304966	0.40882508496165	0.464273972827722	0.524138339019579	-0.135569975882623	-0.173491106433252	0.365444379510259	0.605961421774732	0.892161242048721	0.862265417922309	0.714779718511932	0.54454037108959	0.997233545206974	0.97664697822376	0.985994236939106	0.993464214136497	FALSE	FALSE	FALSE	FALSE
Blautia_A_141780 argi	-0.116071625147424	0.0908549766786196	0.788149849019613	0.127526705122507	0.14720454460324	0.308566126846265	0.350416906546762	0.395600326770745	-0.788505718082763	0.294442483389908	2.24917757760765	0.322362486814654	0.430400955227066	0.768419807838789	0.024501200437841	0.747178099766941	0.997233545206974	0.960620788038167	0.661619484544201	0.993464214136497	FALSE	FALSE	FALSE	FALSE
Blautia_A_141780 hansenii	-0.176621535216456	0.775072231684226	0.358966583952882	0.0744190456405936	0.19513329112575	0.40903305005783	0.464510144200186	0.524404962776524	-0.905132764365851	1.89488901098492	0.772785241474041	0.141911406113651	0.365395056243076	0.0581071073319184	0.439649489185021	0.887149984727824	0.997233545206974	0.591952350771201	0.985994236939106	0.993464214136497	FALSE	FALSE	FALSE	FALSE
Anaerostipes hadrus	-0.0177662763769541	0.298089218460436	0.282068341264777	-0.598910740030925	0.206690271357014	0.433258474874786	0.492021259924073	0.555463413915339	-0.0859560358613424	0.688017051591628	0.573284864374164	-1.07821815987724	0.931501366120766	0.49144204352401	0.566451831823675	0.280936409589972	0.997233545206974	0.945993607281169	0.985994236939106	0.993464214136497	FALSE	FALSE	FALSE	FALSE
Blautia_A_141781 obeum	0.10226400960334	0.148812033821833	-0.546473117596964	-0.467495260728662	0.187366009867081	0.392751488231239	0.446020316469139	0.50353102160622	0.545798086194429	0.378896167884709	-1.22522023643014	-0.928433881267916	0.58520473896013	0.704764970000431	0.220492251849593	0.353182550308779	0.997233545206974	0.960225392441361	0.985994236939106	0.993464214136497	FALSE	FALSE	FALSE	FALSE
Blautia_A_141781 faecis	0.0843688793060956	-0.0561512294477088	-0.353617466246307	-0.16295962622512	0.144210156789501	0.302289373282361	0.343288837793721	0.387553151319835	0.585041173134886	-0.185753236503154	-1.03008728311403	-0.420483295439997	0.558520032336168	0.852638278057171	0.302969034322021	0.674132429972395	0.997233545206974	0.97664697822376	0.985994236939106	0.993464214136497	FALSE	FALSE	FALSE	FALSE
Blautia_A_141781 massiliensis	0.173108705040757	-0.258197012115082	-0.749000560958232	-0.187273087962463	0.203860705698001	0.427327216988611	0.485285546378171	0.547859184695773	0.849151897360738	-0.604213824559563	-1.54342235524681	-0.341827048252291	0.395796775617053	0.545701490879273	0.122728333070522	0.732481052830734	0.997233545206974	0.949707967576719	0.985994236939106	0.993464214136497	FALSE	FALSE	FALSE	FALSE
Blautia_A_141781 sp900066505	-0.0305721790910396	0.122867458810695	0.142100429477258	0.0419921354621787	0.0883500748498156	0.185197002419076	0.210315245398787	0.237433691840228	-0.346034557899453	0.663441941315352	0.675654440589009	0.176858368905942	0.729316743729699	0.507047551864232	0.499260068197521	0.859619639856907	0.997233545206974	0.945993607281169	0.985994236939106	0.993464214136497	FALSE	FALSE	FALSE	FALSE
Blautia_A_141781 caecimuris	-0.0621862755285332	-0.0282042786311542	0.229439279437963	0.530940522703036	0.193336219421097	0.405266077665339	0.460232257880274	0.51957547768483	-0.321648347706065	-0.0695944718433718	0.498529330592141	1.02187371326462	0.747719112414808	0.944516437103472	0.618111001318601	0.306840675329701	0.997233545206974	0.993205742567829	0.985994236939106	0.993464214136497	FALSE	FALSE	FALSE	FALSE
Blautia_A_141781 luti	0.0225145980662992	0.0583290162476795	-0.236723026178013	0.113897925011268	0.10207550008399	0.213967862145196	0.242988292719179	0.2743196638212	0.220568089774467	0.272606435671625	-0.974215767883078	0.41520146031349	0.825428749786706	0.785155764310004	0.329949417180579	0.677994429882353	0.997233545206974	0.960620788038167	0.985994236939106	0.993464214136497	FALSE	FALSE	FALSE	FALSE
Blautia_A_141781 wexlerae	0.0823329876072386	-0.187937118924538	-0.0429952498207551	-0.314364464769101	0.133365238982471	0.279556554178843	0.317472769682944	0.358408310446706	0.617349679987151	-0.672268691666256	-0.135429724771967	-0.877112655053367	0.537004104953227	0.501412657447244	0.892272123653153	0.380425451653216	0.997233545206974	0.945993607281169	0.985994236939106	0.993464214136497	FALSE	FALSE	FALSE	FALSE
